EID,TYPECODE,FBDATE,SXENDDATE
10751,1270862,2015/3/1,
10751,1271420,2015/3/1,
10751,66052879,2015/3/1,
10751,66062576,2015/3/1,
26642,289401,2014/8/1,
26642,83521583,2014/8/1,
28204,536301,2014/9/1,
28204,81307437,2014/9/1,
66085,812594,2014/12/1,
66085,91060948,2014/12/1,
71306,1445714,2015/4/1,
80938,908218,2014/12/1,
80938,89072934,2014/12/1,
102327,162694,2014/6/1,
102327,80348889,2014/6/1,
113907,1045611,2015/1/1,
113907,1498704,2015/4/1,
113907,1497269,2015/4/1,
113907,65987607,2015/1/1,
113907,15085743,2015/4/1,
113907,34215156,2015/4/1,
121661,814305,2014/12/1,
121661,1140188,2015/1/1,
121661,1140186,2015/1/1,
121661,91829726,2015/1/1,
121661,79306052,2014/12/1,
130905,241038,2014/8/1,2015/7/1
144254,171410,2014/6/1,
144254,80110640,2014/6/1,
145588,744339,2014/11/1,
145588,81437679,2014/11/1,
148648,2333207,2015/8/1,
148648,99589033,2015/8/1,
148931,1106374,2015/1/1,
148931,80137920,2015/1/1,
203590,404386,2014/8/1,
209166,219898,2014/7/1,
212895,11117,2013/10/1,
212895,60087942,2013/10/1,
213603,893080,2014/12/1,
213603,287522,2014/10/1,
213603,83574460,2014/10/1,
214508,1937737,2015/7/1,
214508,102686366,2015/7/1,
216953,236891,2014/8/1,
216953,2179257,2015/8/1,
216953,101483186,2015/8/1,
273189,1581190,2015/5/1,
273189,96486484,2015/5/1,
290294,1439216,2015/4/1,
305036,603443,2014/10/1,
305036,603440,2014/10/1,
305036,79552979,2014/10/1,
305036,79518535,2014/10/1,
313644,1642285,2015/5/1,
313644,98464406,2015/5/1,
358730,562609,2014/11/1,
358730,85059340,2014/11/1,
370187,795733,2014/12/1,
370187,795884,2014/12/1,
370187,89088556,2014/12/1,
370187,89119010,2014/12/1,
377796,725152,2014/11/1,
377796,220984,2014/8/1,
377796,220981,2014/8/1,
377796,237079,2014/8/1,
377796,220834,2014/7/1,
377796,220903,2014/7/1,
377796,21963359,2014/8/1,
377796,80071235,2014/7/1,
377796,87370643,2014/11/1,
377796,700661457,2014/8/1,
377796,81378728,2014/7/1,
377796,21963211,2014/8/1,
384473,1371364,2015/3/1,2015/7/1
397841,1069132,2015/1/1,
397841,29535997,2015/1/1,
404254,1621496,2015/5/1,
404254,1621511,2015/5/1,
404254,96509603,2015/5/1,
404254,96509718,2015/5/1,
409701,808950,2014/12/1,2015/7/1
409701,1498694,2015/4/1,
409701,14945186,2015/4/1,
431319,2058040,2015/7/1,
432517,1404001,2015/4/1,
432517,96522541,2015/4/1,
444586,1268340,2015/3/1,
444586,66047886,2015/3/1,
450186,19646,2013/10/1,
450878,1066077,2015/1/1,
475816,1446943,2015/4/1,
478104,1404261,2015/4/1,
478104,96515394,2015/4/1,
485652,237080,2014/8/1,
485652,61126923,2014/8/1,
512506,616547,2014/11/1,
512506,1008394,2015/1/1,
512506,63738185,2014/11/1,
522607,155577,2014/6/1,
522607,1644214,2015/5/1,
522607,2038818,2015/7/1,
522607,79573079,2014/6/1,
522607,92425555,2015/5/1,
522607,103064882,2015/7/1,
2157,1279521,2015/3/1,
2157,97741613,2015/3/1,
3488,873434,2014/12/1,
3488,1516224,2015/4/1,
4207,166214,2014/6/1,2015/7/1
11305,590813,2014/11/1,
11305,81377028,2014/11/1,
26326,928838,2014/12/1,2015/7/1
31275,239604,2014/8/1,
55822,1463384,2015/4/1,
55822,97965244,2015/4/1,
56117,831281,2014/12/1,
56117,91691123,2014/12/1,
73069,139903,2014/5/1,
73069,75022780,2014/5/1,
74469,884968,2015/1/1,
74469,91746641,2015/1/1,
78615,1063870,2015/1/1,
78615,85057874,2015/1/1,
102558,1380221,2015/3/1,
102558,99304565,2015/3/1,
103918,1568765,2015/5/1,
110163,2020340,2015/7/1,
110163,104114267,2015/7/1,
116712,787553,2014/12/1,
116712,89096822,2014/12/1,
134238,1377444,2015/4/1,
134238,84948129,2015/4/1,
138434,1445543,2015/4/1,
138434,99274227,2015/4/1,
139252,255939,2014/8/1,
139252,73368711,2014/8/1,
167082,195162,2014/6/1,
167082,73368709,2014/6/1,
173393,13366,2013/10/1,
190702,900335,2014/12/1,2015/7/1
190702,900332,2014/12/1,2015/7/1
190702,900330,2014/12/1,2015/7/1
204619,2038727,2015/7/1,
204619,2038718,2015/7/1,
204619,97927257,2015/7/1,
204619,97927258,2015/7/1,
234390,1686914,2015/5/1,
243821,2242092,2015/8/1,
243821,104866408,2015/8/1,
247515,1269002,2015/3/1,
282612,1165634,2015/2/1,
282612,91743211,2015/2/1,
291279,1048998,2015/3/1,
291279,65983319,2015/3/1,
293699,1049850,2015/3/1,
293699,10103511,2015/3/1,
314549,1094763,2015/1/1,
314549,60047692,2015/1/1,
325378,1630378,2015/5/1,
346536,1388136,2015/4/1,
346536,96520240,2015/4/1,
348349,15263,2013/10/1,
348349,66257716,2013/10/1,
388055,1253688,2015/3/1,
412615,1045639,2015/1/1,
412615,66000486,2015/1/1,
420233,770360,2014/12/1,
420233,958475,2015/1/1,
420233,89127198,2014/12/1,
428502,171199,2014/6/1,
428502,3908,2013/10/1,
428502,1093620,2015/3/1,
428502,1267520,2015/3/1,
428502,66060450,2015/3/1,
428502,66076573,2013/10/1,
428502,66062916,2015/3/1,
443721,957000,2015/1/1,
443721,957090,2015/1/1,
443721,956999,2015/1/1,
443721,957102,2015/1/1,
463969,1190763,2015/2/1,
463969,96529638,2015/2/1,
476827,227962,2014/8/1,
476827,337994,2014/9/1,
476827,81378704,2014/8/1,
494729,216555,2014/7/1,
494729,216511,2014/7/1,
494729,981822,2015/1/1,
494729,73368330,2014/7/1,
494729,73368332,2014/7/1,
516955,1498970,2015/4/1,
16905,215855,2014/8/1,
16905,207392,2014/8/1,
16905,18431501,2014/8/1,
43204,2269515,2015/8/1,
44082,1843564,2015/6/1,
55641,4484,2013/10/1,
55641,62197565,2013/10/1,
66856,1622019,2015/5/1,
66856,96520686,2015/5/1,
72976,216428,2014/7/1,
72976,216405,2014/7/1,
72976,216481,2014/7/1,
72976,199746,2014/7/1,
72976,216458,2014/7/1,
72976,216469,2014/7/1,
72976,216515,2014/7/1,
72976,216351,2014/7/1,
72976,216416,2014/7/1,
72976,216443,2014/7/1,
72976,216376,2014/7/1,
72976,212671,2014/7/1,
72976,199741,2014/7/1,
72976,199743,2014/7/1,
72976,199745,2014/7/1,
72976,199740,2014/7/1,
72976,199744,2014/7/1,
72976,32175984,2014/7/1,
72976,37953144,2014/7/1,
72976,37953023,2014/7/1,
72976,37954865,2014/7/1,
72976,32176090,2014/7/1,
72976,32175412,2014/7/1,
72976,37953887,2014/7/1,
72976,37954677,2014/7/1,
72976,37954395,2014/7/1,
72976,37953586,2014/7/1,
72976,32176323,2014/7/1,
72976,37953509,2014/7/1,
72976,32175683,2014/7/1,
72976,37953377,2014/7/1,
72976,37955133,2014/7/1,
72976,37955251,2014/7/1,
79149,215879,2014/8/1,
79149,174715,2014/6/1,
79149,73370610,2014/6/1,
81064,1284823,2015/3/1,
87339,571522,2014/10/1,
87339,87813313,2014/10/1,
133689,2084069,2015/7/1,
148559,1055873,2015/3/1,
148559,66008971,2015/3/1,
151191,1078009,2015/1/1,
151191,80293222,2015/1/1,
165494,187089,2014/6/1,
165494,79307427,2014/6/1,
177903,661171,2015/1/1,
178719,171343,2014/6/1,
178719,884828,2015/1/1,
178719,92406031,2015/1/1,
178719,80264665,2014/6/1,
182169,924679,2014/12/1,
182169,189041,2014/6/1,
182169,79323023,2014/6/1,
182169,83696044,2014/12/1,
185265,893049,2014/12/1,
222286,70595,2014/1/1,
222286,72945505,2014/1/1,
234041,179895,2014/6/1,
234041,181415,2014/6/1,
234041,152736,2014/6/1,
234041,1485683,2015/4/1,
234041,73387165,2014/6/1,
234041,81390782,2015/4/1,
234041,60049196,2014/6/1,
236872,602984,2014/10/1,
236872,602989,2014/10/1,
236872,86943036,2014/10/1,
236872,86943034,2014/10/1,
237949,707746,2014/11/1,
237949,88402943,2014/11/1,
265961,482079,2014/9/1,
265961,41388847,2014/9/1,
266856,256173,2015/3/1,2015/7/1
275919,219326,2014/8/1,
275919,240439,2014/8/1,
275919,214992,2014/7/1,
275919,212829,2014/7/1,
275919,234446,2014/8/1,
275919,16137009,2014/8/1,
275919,67676495,2014/8/1,
275919,40208542,2014/7/1,
275919,16022670,2014/8/1,
298347,1247772,2015/3/1,
298347,2341497,2015/8/1,
298347,80290587,2015/3/1,
298347,96504018,2015/8/1,
300010,1112670,2015/1/1,
300010,2232161,2015/8/1,
300010,98911343,2015/8/1,
300010,92780770,2015/1/1,
323427,2308394,2015/8/1,
323427,2308396,2015/8/1,
323427,100692001,2015/8/1,
339060,1005476,2015/1/1,
339060,42947148,2015/1/1,
349114,178688,2014/6/1,
349114,18413752,2014/6/1,
375575,218730,2014/8/1,
407355,2333554,2015/8/1,
427064,208018,2014/7/1,2015/7/1
427064,204354,2014/7/1,2015/7/1
456822,194714,2014/6/1,
456822,27386551,2014/6/1,
465690,1927519,2015/7/1,
465690,1927505,2015/7/1,
465690,1934270,2015/7/1,
465690,103032144,2015/7/1,
465690,103032109,2015/7/1,
465690,103030812,2015/7/1,
499183,1495305,2015/4/1,
2940,2024169,2015/7/1,
2940,100870298,2015/7/1,
19383,1531656,2015/5/1,
19383,27883471,2015/5/1,
39909,1213490,2015/2/1,
39909,73324882,2015/2/1,
60502,234059,2014/8/1,
98864,1636359,2015/5/1,
111351,483278,2014/9/1,
111351,80324209,2014/9/1,
113951,1711187,2015/6/1,
113951,101092730,2015/6/1,
135844,1249197,2015/3/1,
135844,62244862,2015/3/1,
139816,1824232,2015/6/1,
139816,1823835,2015/6/1,
139816,27878337,2015/6/1,
139816,28100682,2015/6/1,
184444,237115,2014/8/1,
190211,1258825,2015/3/1,2015/7/1
198267,1123565,2015/1/1,
198267,27829712,2015/1/1,
202487,936941,2014/12/1,
202487,17563816,2014/12/1,
208675,1213521,2015/2/1,
208675,1536228,2015/5/1,
208675,37462586,2015/2/1,
208870,786557,2014/12/1,
211301,2088024,2015/7/1,
211301,2088023,2015/7/1,
211301,103423119,2015/7/1,
218654,1098576,2015/1/1,2015/7/1
223427,1083444,2015/1/1,
244799,2262196,2015/8/1,
244799,105607751,2015/8/1,
246158,1170283,2015/2/1,
260236,204030,2014/7/1,
260236,204031,2014/7/1,
260236,1805262,2015/6/1,
260236,93700482,2015/6/1,
260236,60696364,2014/7/1,
260236,60696198,2014/7/1,
262065,204964,2014/7/1,
262875,1780875,2015/6/1,
262875,92403898,2015/6/1,
265576,194986,2014/6/1,
265576,81341516,2014/6/1,
272023,1059271,2015/1/1,
272023,91746937,2015/1/1,
275971,1061802,2015/1/1,
288336,170993,2014/6/1,
297870,1390490,2015/4/1,
298082,210776,2014/7/1,
298082,73366515,2014/7/1,
309867,911508,2014/12/1,
309867,216706,2014/8/1,
309867,700661486,2014/8/1,
309867,66018411,2014/12/1,
309867,6576656,2014/8/1,
376739,801874,2014/12/1,
396869,503901,2014/9/1,
396869,1091628,2015/1/1,
396869,80147705,2014/9/1,
396869,95136963,2015/1/1,
401151,139793,2014/5/1,
402053,1118469,2015/1/1,
402387,67867,2014/1/1,
402387,68725386,2014/1/1,
406418,397923,2014/9/1,
406418,62080589,2014/9/1,
442395,1989537,2015/7/1,
442395,101090387,2015/7/1,
444926,883361,2014/12/1,
444926,1494133,2015/4/1,
444926,96525273,2015/4/1,
444926,88991967,2014/12/1,
457399,1382105,2015/5/1,
457399,91796605,2015/5/1,
481052,184124,2014/6/1,
487286,184076,2014/6/1,
493110,1703765,2015/5/1,
493110,2020964,2015/8/1,
493110,85065577,2015/5/1,
5407,2000373,2015/7/1,
5407,81304325,2015/7/1,
42716,1202263,2015/2/1,
42716,61479694,2015/2/1,
76819,205455,2014/7/1,
76819,205431,2014/7/1,
76819,80116265,2014/7/1,
76819,80116288,2014/7/1,
105248,911621,2014/12/1,
105248,66016491,2014/12/1,
111655,602950,2014/10/1,
111655,79558903,2014/10/1,
131698,542528,2014/10/1,
131698,1357013,2015/3/1,
131698,98062156,2015/3/1,
131698,79523219,2014/10/1,
132141,657060,2014/11/1,2015/7/1
135158,136257,2014/5/1,
135158,78276088,2014/5/1,
148111,1092292,2015/1/1,
148111,66064731,2015/1/1,
180372,1044616,2015/1/1,
184046,1398700,2015/4/1,
184046,92417526,2015/4/1,
202967,704656,2014/11/1,
202967,182133,2014/6/1,
202967,9205,2013/10/1,
202967,704662,2014/11/1,
202967,183394,2014/6/1,
202967,89196437,2014/11/1,
202967,66174329,2013/10/1,
202967,80265812,2014/6/1,
203758,1234213,2015/3/1,
203758,1481082,2015/4/1,
203758,1772927,2015/6/1,
203758,1773114,2015/6/1,
203758,1752256,2015/6/1,
203758,1773885,2015/6/1,
203758,1772941,2015/6/1,
203758,1803413,2015/6/1,
203758,27866943,2015/6/1,
203758,27866871,2015/6/1,
203758,18604073,2015/3/1,
203758,15436508,2015/4/1,
203758,27822891,2015/6/1,
203758,23684651,2015/6/1,
203758,27536137,2015/6/1,
203758,27319750,2015/6/1,
211586,936999,2014/12/1,
211586,9571330,2014/12/1,
230932,994577,2015/1/1,
230932,93697849,2015/1/1,
245571,1123835,2015/1/1,
249926,20552,2013/10/1,
249926,914034,2015/1/1,
249926,66085905,2013/10/1,
249926,24448285,2015/1/1,
264894,1275209,2015/3/1,
264894,1275187,2015/3/1,
264894,1275194,2015/3/1,
264894,66030742,2015/3/1,
264894,66030741,2015/3/1,
264894,66030748,2015/3/1,
289554,1125172,2015/1/1,
289554,95116593,2015/1/1,
300211,1167083,2015/2/1,
331452,933427,2014/12/1,2015/7/1
331452,933442,2014/12/1,2015/7/1
331452,936965,2014/12/1,2015/7/1
331452,193491,2014/6/1,2015/7/1
339106,933392,2014/12/1,
339106,66004923,2014/12/1,
362200,90485,2014/2/1,
362200,73365744,2014/2/1,
370669,2254416,2015/8/1,
371252,2011188,2015/7/1,
391525,1606707,2015/7/1,
392801,1579684,2015/5/1,
392801,93696601,2015/5/1,
394230,172450,2014/6/1,2015/7/1
397032,90998,2014/2/1,
397032,73384015,2014/2/1,
398534,197937,2014/9/1,
398534,197932,2014/9/1,
398534,197941,2014/9/1,
398534,40041399,2014/9/1,
398534,40326953,2014/9/1,
398534,41448575,2014/9/1,
399357,1118163,2015/3/1,
422180,1647317,2015/5/1,
422180,100467945,2015/5/1,
432193,611278,2014/10/1,2015/7/1
433082,1644431,2015/5/1,
433082,96525225,2015/5/1,
437681,1096296,2015/1/1,
437681,1715066,2015/6/1,
437681,99085100,2015/6/1,
437681,27809961,2015/1/1,
448635,1247535,2015/3/1,
448635,97526185,2015/3/1,
458862,1607672,2015/5/1,
458862,1607735,2015/5/1,
458862,2200230,2015/8/1,
458862,98837236,2015/5/1,
458862,98816148,2015/5/1,
458862,100385720,2015/8/1,
473617,1002496,2015/3/1,
489124,190606,2014/6/1,
24602,218049,2014/8/1,
40846,1648590,2015/5/1,
40846,81318715,2015/5/1,
57782,243771,2014/8/1,
69343,161461,2014/6/1,
70924,105935,2014/3/1,
70924,72985977,2014/3/1,
92527,1176231,2015/2/1,
132185,606793,2014/10/1,
132185,181405,2014/6/1,
132185,73365545,2014/6/1,
132185,85074168,2014/10/1,
133901,1678408,2015/5/1,
133901,96509652,2015/5/1,
185056,218860,2014/8/1,
185056,12734302,2014/8/1,
185322,211804,2014/7/1,
185322,36184468,2014/7/1,
197062,1178495,2015/2/1,
213410,688015,2014/11/1,
214391,176458,2014/6/1,
267800,740887,2014/11/1,
267800,641841,2015/2/1,
267800,1208177,2015/2/1,
267800,1516380,2015/4/1,
267800,1516381,2015/4/1,
267800,1908803,2015/6/1,
267800,97983928,2015/4/1,
267800,78150128,2015/6/1,
267800,88421589,2015/2/1,
267800,90213766,2015/2/1,
271474,1205910,2015/2/1,
271474,1714650,2015/6/1,
271474,96521758,2015/2/1,
271474,96500749,2015/6/1,
274409,1006663,2015/1/1,
289123,400099,2014/8/1,
289123,79934911,2014/8/1,
310742,192271,2014/6/1,
310742,1496074,2015/4/1,
310742,1927309,2015/7/1,
310742,98522482,2015/4/1,
310742,97121279,2015/7/1,
310742,80317633,2014/6/1,
313604,911638,2014/12/1,2015/7/1
313604,1309948,2015/3/1,2015/7/1
318863,1150458,2015/1/1,2015/7/1
321196,1920188,2015/6/1,
321196,83519397,2015/6/1,
327066,212111,2014/7/1,
327066,35382850,2014/7/1,
334203,1490875,2015/4/1,
351926,261866,2014/8/1,
351926,80466882,2014/8/1,
357149,2038516,2015/7/1,
386935,944143,2014/12/1,
386935,92716291,2014/12/1,
433116,238413,2014/8/1,
433116,83557721,2014/8/1,
443986,1568851,2015/5/1,
443986,97190233,2015/5/1,
450365,885091,2015/1/1,
450365,91832234,2015/1/1,
491608,1837198,2015/6/1,
492995,195189,2014/6/1,
492995,79322292,2014/6/1,
501418,970803,2015/1/1,2015/7/1
502929,650700,2014/11/1,
502929,527881,2014/9/1,
502929,230471,2014/7/1,
502929,80120032,2014/7/1,
502929,73391473,2014/11/1,
502929,80137876,2014/9/1,
9216,848046,2015/3/1,
9216,6610393,2015/3/1,
12255,1961579,2015/7/1,
12255,103014591,2015/7/1,
41037,3003,2013/10/1,
41037,54485,2014/1/1,
41037,32747045,2014/1/1,
104109,884730,2014/12/1,
104109,92772372,2014/12/1,
105978,2302095,2015/8/1,
105978,2302005,2015/8/1,
105978,102424714,2015/8/1,
106657,1268155,2015/3/1,2015/7/1
111848,1294115,2015/3/1,
111848,1395955,2015/4/1,
111848,97787477,2015/4/1,
111848,66084229,2015/3/1,
118231,206581,2014/8/1,
118231,218254,2014/8/1,
125186,1600155,2015/6/1,
125186,100546125,2015/6/1,
144404,1050462,2015/3/1,2015/7/1
148765,2174353,2015/8/1,
148765,97189522,2015/8/1,
200270,962998,2015/1/1,
200270,80057762,2015/1/1,
201148,219416,2014/8/1,
201148,11330216,2014/8/1,
227114,602979,2014/10/1,
227114,474466,2014/9/1,
227114,80336838,2014/9/1,
227114,79571198,2014/10/1,
233957,911564,2014/12/1,
241132,177905,2014/6/1,
274665,1234430,2015/3/1,2015/7/1
274665,1261718,2015/3/1,
274665,66078296,2015/3/1,
307705,174839,2014/6/1,2015/7/1
313380,1118579,2015/1/1,
313380,93542860,2015/1/1,
320133,230721,2014/8/1,
320133,206292,2014/8/1,
320133,199896,2014/7/1,
320133,216335,2014/8/1,
320133,216337,2014/8/1,
320133,217624,2014/8/1,
320133,210791,2014/7/1,
320133,206296,2014/8/1,
320133,65848671,2014/8/1,
320133,43172814,2014/7/1,
320133,81701417,2014/8/1,
323474,215002,2014/8/1,
323474,207316,2014/8/1,
323474,227545,2014/8/1,
323474,73366583,2014/8/1,
323474,60083341,2014/8/1,
368334,172924,2014/6/1,2015/7/1
383922,1434753,2015/6/1,
383922,99268629,2015/6/1,
421659,1874540,2015/7/1,
427701,734902,2014/11/1,
427701,81322937,2014/11/1,
427734,587485,2014/10/1,
427734,86795756,2014/10/1,
429630,1803433,2015/6/1,
429630,101355679,2015/6/1,
451115,583873,2014/10/1,
451115,85061523,2014/10/1,
470396,903335,2014/12/1,
470396,930932,2014/12/1,
470396,180957,2014/6/1,
470396,66083590,2014/6/1,
470396,66062952,2014/12/1,
470396,66048244,2014/12/1,
493587,929119,2014/12/1,
493587,929180,2014/12/1,
493587,929238,2014/12/1,
493587,929265,2014/12/1,
493587,929159,2014/12/1,
493587,929171,2014/12/1,
493587,929237,2014/12/1,
493587,929247,2014/12/1,
493587,929253,2014/12/1,
493587,929137,2014/12/1,
493587,929149,2014/12/1,
493587,929125,2014/12/1,
493587,929164,2014/12/1,
493587,929132,2014/12/1,
493587,929143,2014/12/1,
493587,929258,2014/12/1,
493587,10154,2013/10/1,
493587,1582519,2015/5/1,
493587,61028271,2013/10/1,
493587,66070737,2014/12/1,
493587,66070743,2014/12/1,
493587,66070731,2014/12/1,
493587,66070746,2014/12/1,
493587,66070749,2014/12/1,
493587,66070740,2014/12/1,
493587,66070755,2014/12/1,
493587,66070734,2014/12/1,
493587,66070750,2014/12/1,
493587,93701852,2015/5/1,
493587,66070875,2014/12/1,
493587,66070781,2014/12/1,
493587,66070776,2014/12/1,
493587,66070768,2014/12/1,
493587,66070756,2014/12/1,
501267,188898,2014/6/1,2015/7/1
15074,538191,2014/10/1,2015/7/1
32532,171278,2014/6/1,
32532,27944069,2014/6/1,
39679,562903,2014/9/1,
42832,508199,2014/10/1,
42832,79286916,2014/10/1,
42856,614887,2014/11/1,
42856,286555,2014/8/1,
42856,83465902,2014/11/1,
44906,2206563,2015/8/1,
44906,92706797,2015/8/1,
63680,965227,2015/1/1,
63680,1714666,2015/6/1,
63680,1714656,2015/6/1,
63680,1714676,2015/6/1,
63680,1714688,2015/6/1,
63680,1714672,2015/6/1,
63680,1714662,2015/6/1,
63680,92543295,2015/1/1,
63680,96491116,2015/6/1,
63680,96491114,2015/6/1,
63680,96506357,2015/6/1,
63680,97995156,2015/6/1,
63680,97995153,2015/6/1,
63680,97995140,2015/6/1,
67070,903389,2014/12/1,
67070,66061631,2014/12/1,
92547,252360,2014/8/1,
92547,79626569,2014/8/1,
111275,1953581,2015/7/1,
111275,98522287,2015/7/1,
119119,11639,2013/10/1,
119119,1045488,2015/1/1,
119119,43523842,2013/10/1,
119119,65997267,2015/1/1,
143026,1549421,2015/5/1,
143026,1549426,2015/5/1,
143026,98905870,2015/5/1,
153936,1403179,2015/4/1,
153936,98625609,2015/4/1,
173247,179171,2014/6/1,
173247,79915882,2014/6/1,
198482,183382,2014/6/1,
198482,73381822,2014/6/1,
201178,1012557,2015/1/1,2015/7/1
201178,1026392,2015/1/1,2015/7/1
201178,1145880,2015/1/1,
201178,1507426,2015/4/1,
201178,1538125,2015/5/1,
201178,1507387,2015/4/1,
201178,1758358,2015/6/1,
201178,2283504,2015/8/1,
201178,24983879,2015/4/1,
201178,88313939,2015/1/1,
201178,27975630,2015/4/1,
201178,73330423,2015/8/1,
201178,60621706,2015/6/1,
214300,1605235,2015/5/1,
216002,1885827,2015/6/1,
226865,2250058,2015/8/1,
240825,640333,2014/11/1,2015/7/1
249115,215344,2014/8/1,
249115,73366473,2014/8/1,
273427,1533371,2015/5/1,2015/7/1
282478,237878,2014/8/1,
282478,19783,2013/10/1,
282478,44414534,2014/8/1,
282478,42226316,2013/10/1,
298761,1045449,2015/1/1,
298761,66000387,2015/1/1,
313075,1249466,2015/3/1,
313075,66083150,2015/3/1,
323782,903634,2014/12/1,
323782,66054969,2014/12/1,
336400,426349,2014/9/1,
336400,33309932,2014/9/1,
357896,225970,2014/7/1,
357896,80122859,2014/7/1,
359282,622254,2014/10/1,
359282,622197,2014/10/1,
359282,81385427,2014/10/1,
359282,85271605,2014/10/1,
366007,1205771,2015/2/1,
366639,237616,2014/8/1,
366639,183439,2014/6/1,
366639,883678,2015/1/1,
366639,1182989,2015/2/1,
366639,96516338,2015/2/1,
366639,80081861,2014/8/1,
366639,91739876,2015/1/1,
373256,817377,2014/12/1,
373256,246947,2014/8/1,
373256,1216770,2015/2/1,
373256,1059322,2015/1/1,
373256,82168536,2014/12/1,
373256,91746941,2015/1/1,
373256,79627430,2014/8/1,
373256,91706298,2015/2/1,
375345,218222,2014/8/1,
375345,206564,2014/8/1,
376740,2150526,2015/8/1,
376845,510385,2014/9/1,
376845,83560448,2014/9/1,
447473,241506,2014/8/1,2015/7/1
447473,241060,2014/8/1,2015/7/1
447473,2168700,2015/8/1,
447473,102424681,2015/8/1,
451446,687245,2014/11/1,
451446,687831,2014/11/1,
451446,1960967,2015/7/1,
451446,85553099,2014/11/1,
451446,103425557,2015/7/1,
451446,88428437,2014/11/1,
459420,202394,2014/7/1,
459420,61534333,2014/7/1,
484212,1228447,2015/3/1,
484212,1976010,2015/7/1,
484212,92553738,2015/3/1,
490331,1204088,2015/2/1,
6758,1871016,2015/6/1,
6758,1871020,2015/6/1,
6758,90117394,2015/6/1,
21987,738757,2014/11/1,
21987,39301900,2014/11/1,
41320,210786,2014/8/1,
41320,2338714,2015/8/1,
41320,99095377,2015/8/1,
41320,68745963,2014/8/1,
48601,812961,2014/12/1,
48601,61117371,2014/12/1,
53098,1305789,2015/3/1,
55829,2325392,2015/8/1,
55829,100872236,2015/8/1,
61245,218796,2014/8/1,
62360,175041,2014/6/1,
62360,23977089,2014/6/1,
63205,1006643,2015/1/1,
63205,22974503,2015/1/1,
78343,1511908,2015/4/1,
79175,1192173,2015/2/1,
79175,96505922,2015/2/1,
86250,1251083,2015/3/1,2015/7/1
93340,1355974,2015/3/1,
93340,22711588,2015/3/1,
112695,2221001,2015/8/1,
112695,96622094,2015/8/1,
124641,1335655,2015/3/1,
129813,2226577,2015/8/1,
154965,571536,2014/10/1,
156311,1806688,2015/6/1,
156311,101686657,2015/6/1,
166080,2050911,2015/7/1,
166080,96995639,2015/7/1,
218889,903790,2014/12/1,
218889,66051019,2014/12/1,
240399,607790,2014/10/1,
240399,80135046,2014/10/1,
247844,11056,2013/10/1,
247844,62110601,2013/10/1,
258931,1129495,2015/3/1,
258931,79940600,2015/3/1,
262713,2014185,2015/7/1,
262713,102688015,2015/7/1,
268453,220157,2014/8/1,
311286,1486974,2015/4/1,
311286,90844724,2015/4/1,
317508,379450,2014/8/1,
327414,17714,2013/10/1,
327414,66225063,2013/10/1,
336141,95140,2014/3/1,2015/7/1
336141,880630,2014/12/1,2015/7/1
353497,971793,2015/1/1,
353497,83479739,2015/1/1,
356969,1576720,2015/5/1,
356969,100469552,2015/5/1,
373708,605628,2014/10/1,
373708,185205,2014/6/1,
380017,18112,2013/10/1,
380017,42711788,2013/10/1,
384371,195206,2014/6/1,
384371,1844648,2015/6/1,
384371,99635568,2015/6/1,
385253,378157,2014/8/1,
408645,2313360,2015/8/1,
433382,751995,2014/11/1,
433382,89095061,2014/11/1,
434047,1176670,2015/2/1,
434047,93815818,2015/2/1,
465370,1711487,2015/6/1,
468518,2168639,2015/8/1,
476587,868185,2014/12/1,
476587,868181,2014/12/1,
476587,91743303,2014/12/1,
481746,10690,2013/10/1,
481746,66076356,2013/10/1,
482054,193483,2014/6/1,
482054,79942149,2014/6/1,
482945,203990,2014/7/1,
482945,73346972,2014/7/1,
492308,1268512,2015/3/1,
497919,243766,2014/8/1,
497919,80295373,2014/8/1,
21269,1505195,2015/4/1,
21269,2239691,2015/8/1,
21269,104981371,2015/8/1,
21269,100112218,2015/4/1,
34083,237012,2014/8/1,2015/7/1
34083,183500,2014/6/1,2015/7/1
53693,571519,2014/10/1,
53693,377618,2014/8/1,
53693,272492,2014/8/1,
53693,171244,2014/6/1,
53693,140026,2014/5/1,
53693,1533021,2015/5/1,
53693,83569169,2014/8/1,
53693,87813243,2014/10/1,
53693,83513242,2015/5/1,
53693,81437382,2014/8/1,
53693,80349229,2014/6/1,
61990,1184518,2015/2/1,
61990,81120652,2015/2/1,
95530,1188624,2015/2/1,
114696,1804463,2015/6/1,
114696,96486267,2015/6/1,
121754,1247681,2015/3/1,
121754,1247683,2015/3/1,
121754,1484989,2015/4/1,
121754,1622007,2015/5/1,
121754,96524365,2015/4/1,
121754,96520933,2015/5/1,
157773,1495808,2015/4/1,
157773,99074757,2015/4/1,
163612,1275178,2015/3/1,
163612,66031056,2015/3/1,
168587,172449,2014/6/1,
168587,73384163,2014/6/1,
168679,1038622,2015/3/1,
168679,66008921,2015/3/1,
170538,1968278,2015/7/1,
170538,103622391,2015/7/1,
188193,218760,2014/8/1,
190290,8802,2013/10/1,
190290,41030103,2013/10/1,
190453,176422,2014/6/1,
190453,2017248,2015/7/1,
190453,103425176,2015/7/1,
197250,199712,2014/8/1,
197250,68743270,2014/8/1,
203403,218175,2014/8/1,
203403,54932,2014/1/1,
203403,19951,2013/10/1,
230838,1253230,2015/3/1,2015/7/1
239784,567850,2014/9/1,
239784,231755,2014/8/1,
239784,12420,2013/10/1,
239784,79328731,2014/9/1,
251567,1099881,2015/1/1,
251567,24467062,2015/1/1,
256216,1867851,2015/6/1,
256216,102932606,2015/6/1,
256951,827006,2014/12/1,
256951,33243726,2014/12/1,
278552,817513,2014/12/1,
278552,38067508,2014/12/1,
285561,230343,2014/8/1,
285561,210450,2014/7/1,
285561,2296041,2015/8/1,
285561,105605741,2015/8/1,
285561,81331604,2014/7/1,
285561,82917963,2014/8/1,
293901,1287449,2015/3/1,
293901,97189019,2015/3/1,
294600,181945,2014/6/1,
298618,1546364,2015/5/1,
298618,93542269,2015/5/1,
306846,1644378,2015/5/1,
306846,1644408,2015/5/1,
306846,1837450,2015/6/1,
306846,2282790,2015/8/1,
306846,92555158,2015/5/1,
306846,97122624,2015/6/1,
306846,93819298,2015/5/1,
306846,97941477,2015/8/1,
320458,215028,2014/7/1,
320458,1612593,2015/5/1,
320458,62396053,2015/5/1,
320458,61210815,2014/7/1,
322585,218352,2014/8/1,
334159,2240024,2015/8/1,
334159,104525192,2015/8/1,
367312,171201,2014/6/1,
367312,11961,2013/10/1,
367312,35001263,2013/10/1,
367312,29914886,2014/6/1,
375385,1274749,2015/3/1,
375385,66047802,2015/3/1,
389722,1261836,2015/3/1,
389722,11898910,2015/3/1,
401547,218749,2014/8/1,
413615,957159,2015/1/1,
413615,957162,2015/1/1,
428775,171313,2014/6/1,
436318,1505165,2015/4/1,
436318,2326317,2015/8/1,
436318,2326328,2015/8/1,
436318,2326342,2015/8/1,
436318,2326321,2015/8/1,
436318,2326334,2015/8/1,
436318,2326306,2015/8/1,
436318,2326313,2015/8/1,
451583,1108086,2015/1/1,
451583,93535987,2015/1/1,
465229,1783166,2015/6/1,
465229,101820365,2015/6/1,
474981,1950130,2015/7/1,
479900,215830,2014/8/1,
479900,270214,2014/8/1,
479900,207367,2014/8/1,
479900,198270,2014/7/1,
479900,33922172,2014/8/1,
479900,73367072,2014/7/1,
489697,2162893,2015/8/1,
489697,83502707,2015/8/1,
497097,476392,2014/9/1,
497097,85059342,2014/9/1,
524335,198274,2014/6/1,
29240,1041667,2015/1/1,
29240,92560033,2015/1/1,
34077,1237406,2015/3/1,
34077,91759489,2015/3/1,
35866,2240595,2015/8/1,
35866,67669901,2015/8/1,
70969,230080,2014/8/1,
70969,81440388,2014/8/1,
90737,571531,2014/10/1,
97535,190535,2014/6/1,
105294,170347,2014/6/1,2015/7/1
107313,1636125,2015/5/1,
107313,100871109,2015/5/1,
117465,644709,2014/11/1,
117465,1868135,2015/6/1,
117465,102501267,2015/6/1,
117465,81337504,2014/11/1,
130091,2206523,2015/8/1,
130091,103031563,2015/8/1,
133259,1580354,2015/5/1,
133259,93541997,2015/5/1,
151140,243916,2014/8/1,
151140,62168958,2014/8/1,
157007,119903,2014/4/1,
157007,73349738,2014/4/1,
173627,1490955,2015/4/1,
173627,34250915,2015/4/1,
174244,647662,2014/11/1,
174244,88344958,2014/11/1,
205761,1182445,2015/2/1,
207911,1678373,2015/5/1,
207911,97004114,2015/5/1,
210499,402951,2014/8/1,
210499,81336493,2014/8/1,
214080,840350,2014/12/1,
214080,840246,2014/12/1,
214080,91728521,2014/12/1,
214080,91728518,2014/12/1,
228056,242019,2014/8/1,
228056,80142940,2014/8/1,
231986,187028,2014/6/1,
231986,1064909,2015/1/1,
231986,80689506,2014/6/1,
231986,83515361,2015/1/1,
242367,213851,2014/7/1,
242367,81439832,2014/7/1,
270142,2265446,2015/8/1,
270142,99635319,2015/8/1,
287188,11519,2013/10/1,
287188,66078424,2013/10/1,
314745,929529,2014/12/1,
314745,929548,2014/12/1,
314745,66063051,2014/12/1,
314745,66062928,2014/12/1,
323854,316794,2014/8/1,
323854,238082,2014/8/1,
323854,1683641,2015/5/1,
323854,41023977,2014/8/1,
323854,101090672,2015/5/1,
338062,871826,2014/12/1,
338062,1404543,2015/4/1,
338062,97982754,2015/4/1,
338062,91679539,2014/12/1,
346046,1631990,2015/5/1,
352978,2064511,2015/7/1,
352978,80321304,2015/7/1,
384923,2131711,2015/8/1,
385230,1814940,2015/6/1,
387790,781930,2014/12/1,
387790,1354863,2015/3/1,
387790,89087305,2014/12/1,
392038,287773,2014/8/1,
392038,81482373,2014/8/1,
435542,1434353,2015/4/1,
435542,1434235,2015/4/1,
435542,1567990,2015/5/1,
435542,96508875,2015/4/1,
435542,83570332,2015/5/1,
444639,168222,2014/6/1,
444639,60033640,2014/6/1,
448151,1636203,2015/5/1,
448151,100871093,2015/5/1,
487516,2013055,2015/7/1,
487516,102016859,2015/7/1,
493575,1190868,2015/2/1,
493575,96509148,2015/2/1,
512154,1481372,2015/4/1,
512154,91759522,2015/4/1,
334,1868205,2015/6/1,
334,101819690,2015/6/1,
20752,1485681,2015/4/1,
20895,1949481,2015/7/1,
20895,96521644,2015/7/1,
26517,312133,2014/8/1,
30022,1446206,2015/4/1,
30022,61499310,2015/4/1,
31043,1043624,2015/1/1,
31043,1043628,2015/1/1,
31043,1043626,2015/1/1,
31043,1043627,2015/1/1,
31043,1043338,2015/1/1,
31043,1043625,2015/1/1,
31043,1058325,2015/3/1,
31043,1056140,2015/3/1,
31043,65985339,2015/1/1,
31043,65993761,2015/3/1,
31043,65983819,2015/1/1,
31043,66007402,2015/3/1,
42569,1262898,2015/3/1,
42569,96486060,2015/3/1,
48025,1561412,2015/5/1,
48025,98904607,2015/5/1,
60205,799374,2014/12/1,
60205,89231244,2014/12/1,
103731,10374,2013/10/1,
103731,60748694,2013/10/1,
115857,1126280,2015/1/1,2015/7/1
118720,2204426,2015/8/1,
118720,91756817,2015/8/1,
121299,754517,2014/11/1,
121299,85058578,2014/11/1,
142392,2305598,2015/8/1,
142392,97805714,2015/8/1,
189863,1585374,2015/5/1,
189863,79321853,2015/5/1,
216809,1171999,2015/2/1,
216809,91738706,2015/2/1,
219998,1744840,2015/6/1,
219998,101733643,2015/6/1,
225137,1510117,2015/4/1,
238964,2338353,2015/8/1,
271288,218725,2014/7/1,
271288,31832243,2014/7/1,
272516,976150,2015/1/1,
272516,85070732,2015/1/1,
275585,1980392,2015/7/1,
275585,93811726,2015/7/1,
319171,961989,2015/1/1,
345138,380269,2014/8/1,
345138,79522253,2014/8/1,
345670,1544600,2015/5/1,
346112,310487,2014/8/1,
346112,172536,2014/6/1,
346112,79640528,2014/6/1,
366480,2269250,2015/8/1,
385114,760997,2014/11/1,
385114,895484,2014/12/1,
385114,92557493,2014/12/1,
389781,1632259,2015/5/1,
389781,84915952,2015/5/1,
466922,936939,2014/12/1,
466922,14689804,2014/12/1,
494055,13428,2013/10/1,2015/7/1
500150,1390076,2015/4/1,
17866,11709,2013/10/1,
17866,66085889,2013/10/1,
24935,1275117,2015/3/1,
24935,1246464,2015/3/1,
33746,1186816,2015/3/1,
33746,85061423,2015/3/1,
38709,773348,2014/12/1,
38709,773419,2014/12/1,
38709,773420,2014/12/1,
38709,773392,2014/12/1,
38709,1378899,2015/4/1,
38709,89111480,2014/12/1,
38709,98106477,2015/4/1,
38709,89097724,2014/12/1,
38709,89097721,2014/12/1,
40040,1287808,2015/3/1,
40040,95725503,2015/3/1,
60010,203971,2014/7/1,
60010,73339052,2014/7/1,
63670,411834,2014/8/1,
63670,81385921,2014/8/1,
86269,1613567,2015/5/1,2015/7/1
88198,207321,2014/8/1,
88198,60056799,2014/8/1,
113324,1813237,2015/6/1,
132587,1038859,2015/3/1,
132587,66007013,2015/3/1,
133873,894063,2014/12/1,
140078,1168422,2015/2/1,
150932,764751,2014/12/1,
150932,89299227,2014/12/1,
159685,538031,2014/9/1,
159685,204259,2014/7/1,
159685,83489409,2014/9/1,
159685,73339016,2014/7/1,
179068,1377449,2015/4/1,
179068,84948130,2015/4/1,
196116,2298478,2015/8/1,
196116,2305142,2015/8/1,
196116,106054936,2015/8/1,
196116,103928010,2015/8/1,
204099,242515,2014/8/1,
204099,242497,2014/8/1,
204099,222346,2014/8/1,
204099,225715,2014/8/1,
204099,205770,2014/8/1,
204099,177112,2014/6/1,
204099,205830,2014/8/1,
204099,205774,2014/8/1,
204099,205873,2014/8/1,
204099,37494,2013/10/1,
204099,23652,2013/10/1,
204099,25757158,2014/8/1,
204099,17272902,2014/8/1,
204099,66389096,2013/10/1,
204099,25985251,2014/8/1,
204099,27363272,2014/6/1,
204099,26657557,2014/8/1,
204099,26492966,2014/8/1,
221731,607778,2014/10/1,
221731,607750,2014/10/1,
221731,19462401,2014/10/1,
221731,42402484,2014/10/1,
226663,182068,2014/6/1,
226663,43371550,2014/6/1,
232809,186006,2014/6/1,2015/7/1
246219,1202429,2015/2/1,
246219,1720724,2015/6/1,
250967,657602,2014/11/1,
250967,88438423,2014/11/1,
255110,1099938,2015/1/1,
267574,530005,2014/9/1,
267574,80344632,2014/9/1,
317205,172937,2014/6/1,
317205,165470,2014/6/1,
317205,41360293,2014/6/1,
317205,79281235,2014/6/1,
356946,1274980,2015/3/1,
356946,66039715,2015/3/1,
367682,10087,2013/10/1,
367682,44139076,2013/10/1,
388841,1736439,2015/6/1,
388841,93699824,2015/6/1,
402045,936981,2014/12/1,
402045,936983,2014/12/1,
402045,936979,2014/12/1,
402045,1594136,2015/5/1,
402045,1594123,2015/5/1,
402045,93814241,2015/5/1,
402045,13923741,2014/12/1,
402045,13923804,2014/12/1,
402045,13923658,2014/12/1,
402045,97963149,2015/5/1,
426004,1511775,2015/4/1,2015/7/1
426004,1602469,2015/5/1,
426004,99618322,2015/5/1,
431358,1584304,2015/5/1,
431358,100386072,2015/5/1,
443722,211961,2014/7/1,
443722,32322906,2014/7/1,
461247,23865,2013/10/1,
461247,62162422,2013/10/1,
510294,906642,2014/12/1,
510294,29261952,2014/12/1,
522904,1817787,2015/6/1,
522904,1817857,2015/6/1,
522904,1817749,2015/6/1,
522904,30515690,2015/6/1,
522904,30515924,2015/6/1,
522904,30516034,2015/6/1,
2618,110582,2014/3/1,
2618,1584461,2015/5/1,
2618,1800238,2015/6/1,
2618,1801313,2015/6/1,
2618,1800459,2015/6/1,
2618,1800630,2015/6/1,
2618,1800273,2015/6/1,
2618,1800184,2015/6/1,
2618,1801288,2015/6/1,
2618,1800448,2015/6/1,
2618,1800264,2015/6/1,
2618,1801272,2015/6/1,
2618,9675115,2014/3/1,
2618,28179071,2015/5/1,
2618,19044608,2015/6/1,
2618,19134476,2015/6/1,
2618,19043522,2015/6/1,
2618,19044120,2015/6/1,
2618,700661473,2015/6/1,
2618,22188246,2015/6/1,
2618,700661471,2015/6/1,
2618,700661472,2015/6/1,
2618,22690985,2015/6/1,
2618,22186626,2015/6/1,
2618,21246451,2015/6/1,
2618,21246114,2015/6/1,
2618,20843920,2015/6/1,
21361,929321,2014/12/1,
21361,66068366,2014/12/1,
26187,1665472,2015/5/1,
26187,101482732,2015/5/1,
34979,848161,2015/3/1,
34979,848120,2015/3/1,
34979,848091,2015/3/1,
34979,848192,2015/3/1,
34979,1534951,2015/5/1,
42201,1488829,2015/4/1,
42517,1246493,2015/3/1,
42517,1084133,2015/1/1,
42517,1268305,2015/3/1,
42517,1275977,2015/3/1,
42517,1270142,2015/3/1,
42517,1270135,2015/3/1,
42517,1267688,2015/3/1,
42517,1092855,2015/3/1,
42517,1270101,2015/3/1,
85526,2183563,2015/8/1,
92725,230322,2014/8/1,
92725,210342,2014/7/1,
92725,79553853,2014/8/1,
92725,81378666,2014/7/1,
100316,1490577,2015/4/1,
100316,29148544,2015/4/1,
106052,634281,2014/10/1,
106052,80290905,2014/10/1,
112669,1095962,2015/3/1,
112669,66051746,2015/3/1,
119474,2173989,2015/8/1,
119474,2181632,2015/8/1,
119474,104981537,2015/8/1,
119474,104196439,2015/8/1,
123063,1589523,2015/5/1,
123063,96503419,2015/5/1,
141703,2273424,2015/8/1,
143878,236787,2014/8/1,
143878,183581,2014/6/1,
143878,10728,2013/10/1,
143878,1135644,2015/1/1,
143878,68742438,2014/6/1,
148529,1239457,2015/3/1,
148529,96563179,2015/3/1,
151873,1774746,2015/6/1,
151873,62158767,2015/6/1,
160781,335003,2014/10/1,
160781,225058,2014/8/1,
160781,9533680,2014/10/1,
167410,1678441,2015/5/1,
167410,40433396,2015/5/1,
174515,2177417,2015/8/1,
174515,102623217,2015/8/1,
183816,199426,2014/7/1,
183816,10027606,2014/7/1,
197747,1267823,2015/3/1,
197747,66068629,2015/3/1,
200616,786595,2014/12/1,
200616,163743,2014/6/1,
200616,10325,2013/10/1,
200616,1773665,2015/6/1,
200616,1754293,2015/6/1,
200616,79285949,2014/12/1,
200616,21206443,2015/6/1,
200616,21731488,2015/6/1,
200616,80069050,2014/6/1,
251511,334078,2014/9/1,
251511,217260,2014/8/1,
251511,14252396,2014/9/1,
256434,813665,2014/12/1,
256434,79321789,2014/12/1,
274543,1942160,2015/7/1,
274543,103064303,2015/7/1,
277091,930540,2014/12/1,
277091,928966,2014/12/1,
277091,1364387,2015/3/1,
277091,66063948,2014/12/1,
277091,80300933,2015/3/1,
277091,41412097,2014/12/1,
288685,754486,2014/11/1,
288685,202611,2014/7/1,
288685,81339735,2014/7/1,
288685,89100373,2014/11/1,
289136,1083462,2015/3/1,
298585,2016580,2015/7/1,
298585,65991272,2015/7/1,
346415,1187095,2015/2/1,2015/7/1
346415,1187093,2015/2/1,2015/7/1
346415,1187091,2015/2/1,2015/7/1
354823,1213301,2015/2/1,
354823,79617716,2015/2/1,
360915,760326,2014/11/1,
360915,79321776,2014/11/1,
377231,1597702,2015/5/1,
377231,2138403,2015/8/1,
377231,99270239,2015/8/1,
392439,174538,2014/6/1,
392439,62119464,2014/6/1,
395043,1044626,2015/1/1,
411557,198667,2014/6/1,
411557,1377307,2015/3/1,
411557,99075536,2015/3/1,
411557,79629089,2014/6/1,
431883,1742894,2015/6/1,
431883,100523177,2015/6/1,
438551,1561426,2015/5/1,
438551,99572429,2015/5/1,
451995,925486,2014/12/1,
451995,195709,2014/11/1,
451995,73324614,2014/11/1,
451995,61055243,2014/12/1,
467566,1385843,2015/4/1,
467566,96526470,2015/4/1,
471239,807666,2014/12/1,2015/7/1
18124,1193528,2015/2/1,
28600,2093105,2015/7/1,
28600,102071854,2015/7/1,
29544,1270813,2015/3/1,
29544,96494451,2015/3/1,
43586,176489,2014/6/1,
48156,299194,2014/8/1,
48629,1625219,2015/5/1,
48897,194988,2014/6/1,
48897,200838,2014/7/1,
48897,81341166,2014/7/1,
48897,81341723,2014/6/1,
57737,1480814,2015/4/1,
57737,98627125,2015/4/1,
65659,708611,2014/11/1,
86476,1235790,2015/3/1,
117899,229184,2014/7/1,
128829,1251294,2015/3/1,
128829,22628951,2015/3/1,
138378,261752,2014/10/1,
138378,848479,2015/3/1,
138378,1695219,2015/6/1,
138378,2202319,2015/8/1,
138378,6809205,2015/8/1,
138378,65982831,2015/3/1,
138378,73845033,2014/10/1,
140255,2333480,2015/8/1,
163917,190703,2014/6/1,
163917,79316945,2014/6/1,
195059,608097,2014/10/1,
195059,154276,2014/5/1,
195059,79166174,2014/5/1,
195059,85958339,2014/10/1,
203500,560309,2014/9/1,
203500,10274144,2014/9/1,
208720,912210,2014/12/1,
208720,37901566,2014/12/1,
212187,1091710,2015/1/1,
212187,66059244,2015/1/1,
220314,119415,2014/4/1,
220314,77217520,2014/4/1,
235930,1356174,2015/3/1,2015/7/1
279752,1505198,2015/4/1,
279752,99971740,2015/4/1,
284767,916432,2015/1/1,
284767,71984487,2015/1/1,
292411,1837201,2015/6/1,
304501,1407747,2015/4/1,
304501,62105370,2015/4/1,
338702,1072418,2015/1/1,
344281,1096318,2015/1/1,
344281,27926806,2015/1/1,
354474,1133884,2015/1/1,
354474,19680513,2015/1/1,
369960,1319967,2015/3/1,
369960,1319943,2015/3/1,
369960,92705153,2015/3/1,
369960,92705149,2015/3/1,
377571,625371,2014/10/1,
377571,70717509,2014/10/1,
388710,654925,2014/11/1,
388710,80294518,2014/11/1,
399334,1962945,2015/7/1,
399803,758197,2014/11/1,
399803,196676,2014/6/1,
410243,2148410,2015/8/1,
410243,28168361,2015/8/1,
420745,1118587,2015/1/1,
420745,1251544,2015/3/1,
420745,1551165,2015/5/1,
420745,1729059,2015/6/1,
420745,1921781,2015/6/1,
420745,2038905,2015/7/1,
420745,100721414,2015/5/1,
420745,97785965,2015/3/1,
420745,93542375,2015/6/1,
420745,93700988,2015/6/1,
420745,103064602,2015/7/1,
422825,1645254,2015/5/1,
422825,91912909,2015/5/1,
438537,911695,2014/12/1,
438537,66014269,2014/12/1,
441481,1452050,2015/4/1,
441481,32657781,2015/4/1,
455639,799152,2014/12/1,
455639,81380947,2014/12/1,
482594,1714996,2015/6/1,
482594,101487893,2015/6/1,
484445,1380288,2015/3/1,
496623,1176331,2015/2/1,
496623,65818168,2015/2/1,
507801,207692,2014/7/1,2015/7/1
518922,1993320,2015/7/1,
518988,200535,2014/7/1,
518988,1063504,2015/1/1,
518988,1063894,2015/1/1,
518988,81339522,2014/7/1,
518988,42234427,2015/1/1,
518988,41616302,2015/1/1,
39647,183406,2014/6/1,
44964,830583,2014/12/1,
44964,91835514,2014/12/1,
48719,206496,2014/7/1,
48719,73325362,2014/7/1,
73160,233058,2014/7/1,
73160,233061,2014/7/1,
73160,2038751,2015/7/1,
73160,2038772,2015/7/1,
73160,98521140,2015/7/1,
73160,98521136,2015/7/1,
73160,83515943,2014/7/1,
80480,2165558,2015/8/1,
80480,2165568,2015/8/1,
80480,66075346,2015/8/1,
80480,66075068,2015/8/1,
81975,549692,2014/9/1,
106970,1053132,2015/3/1,
153257,646995,2014/11/1,
162374,911903,2014/12/1,
162374,911795,2014/12/1,
162374,65992042,2014/12/1,
162374,66005257,2014/12/1,
180806,1938558,2015/7/1,
180806,36930109,2015/7/1,
183277,242762,2014/8/1,
183277,1773837,2015/6/1,
183277,85049396,2015/6/1,
183277,36541372,2014/8/1,
198255,1853430,2015/6/1,
205782,1212509,2015/2/1,
205782,92772321,2015/2/1,
228230,1261606,2015/3/1,
228230,66048984,2015/3/1,
231105,14358,2013/10/1,
253234,1165177,2015/2/1,
253234,92712593,2015/2/1,
254814,234020,2014/8/1,
254814,234036,2014/8/1,
254814,234044,2014/8/1,
254814,234040,2014/8/1,
254814,2019787,2015/7/1,
254814,31376088,2014/8/1,
254814,99272328,2015/7/1,
254814,31367424,2014/8/1,
254814,31376509,2014/8/1,
254814,31386250,2014/8/1,
255111,18314,2013/10/1,
255111,35001277,2013/10/1,
267825,1868257,2015/6/1,
267825,2193704,2015/8/1,
267825,101889996,2015/6/1,
267825,103018813,2015/8/1,
277993,930099,2014/12/1,
281394,211061,2014/7/1,
281394,80316206,2014/7/1,
287600,1248665,2015/3/1,2015/7/1
287600,1247260,2015/3/1,2015/7/1
287600,1382609,2015/4/1,2015/7/1
289160,834399,2015/1/1,
289160,1046909,2015/1/1,
289160,66060583,2015/1/1,
289160,66060621,2015/1/1,
291882,1669003,2015/5/1,
291882,100870695,2015/5/1,
337555,860132,2014/12/1,
337555,92422615,2014/12/1,
341339,1309143,2015/3/1,2015/7/1
353685,1275668,2015/3/1,
421833,2232123,2015/8/1,
429910,650488,2014/11/1,
429910,520767,2014/9/1,
429910,83523272,2014/9/1,
429910,85055808,2014/11/1,
444449,1265124,2015/3/1,
444449,17985944,2015/3/1,
482256,438905,2014/8/1,
489209,145297,2014/5/1,
489209,700661482,2014/5/1,
489209,62198933,2014/5/1,
509817,192068,2014/6/1,
509817,79571047,2014/6/1,
509943,745875,2014/11/1,
509943,1050576,2015/1/1,
509943,1050102,2015/1/1,
509943,1342915,2015/3/1,
509943,1976389,2015/7/1,
509943,2147956,2015/8/1,
509943,98619311,2015/7/1,
24827,193812,2014/6/1,
24827,1078857,2015/1/1,
49578,178332,2014/6/1,
49578,1197454,2015/2/1,
49578,79325398,2014/6/1,
49578,93812130,2015/2/1,
57705,1463482,2015/4/1,
58978,1724249,2015/6/1,
58978,700661506,2015/6/1,
58978,62092742,2015/6/1,
59519,2183305,2015/8/1,
59519,2183622,2015/8/1,
59519,2183636,2015/8/1,
59519,2183601,2015/8/1,
59519,2183333,2015/8/1,
59519,2183379,2015/8/1,
59519,100430422,2015/8/1,
59519,100428825,2015/8/1,
59519,100429941,2015/8/1,
59519,100429067,2015/8/1,
59519,100430853,2015/8/1,
59519,100429291,2015/8/1,
61800,1116914,2015/1/1,
65159,1685476,2015/5/1,
65159,2145976,2015/8/1,
65159,91757413,2015/5/1,
65159,102932470,2015/8/1,
66454,747918,2014/12/1,
66454,747962,2014/12/1,
66454,747738,2014/12/1,
66454,747898,2014/12/1,
66454,747911,2014/12/1,
66454,747812,2014/12/1,
66454,747901,2014/12/1,
66454,747929,2014/12/1,
66454,747841,2014/12/1,
66454,747982,2014/12/1,
66454,747729,2014/12/1,
66454,747783,2014/12/1,
66454,747748,2014/12/1,
66454,747905,2014/12/1,
66454,747850,2014/12/1,
66454,747975,2014/12/1,
66454,747967,2014/12/1,
66454,203371,2014/7/1,
66454,89231959,2014/12/1,
66454,89232015,2014/12/1,
66454,89231929,2014/12/1,
66454,89231842,2014/12/1,
66454,89231741,2014/12/1,
66454,89232071,2014/12/1,
66454,89231687,2014/12/1,
66454,79630364,2014/7/1,
66454,89231782,2014/12/1,
66454,89231690,2014/12/1,
66454,89231707,2014/12/1,
66454,89231694,2014/12/1,
66454,89231709,2014/12/1,
66454,89231719,2014/12/1,
66454,89231894,2014/12/1,
66454,89231871,2014/12/1,
66454,89231866,2014/12/1,
86139,176425,2014/6/1,
86139,20778239,2014/6/1,
91804,19018,2013/10/1,
91804,60286898,2013/10/1,
100938,218194,2014/8/1,
130430,2303224,2015/8/1,
140504,58998,2014/1/1,
140504,68697039,2014/1/1,
145534,1471320,2015/4/1,
145534,99545547,2015/4/1,
147501,169103,2014/6/1,
147501,53103,2014/1/1,
147501,1723042,2015/6/1,
147501,1825200,2015/6/1,
147501,1824547,2015/6/1,
147501,36567420,2014/1/1,
147501,18144806,2015/6/1,
147501,19650767,2015/6/1,
147501,27371560,2015/6/1,
172773,251485,2014/8/1,
174221,960353,2015/1/1,
231358,1208716,2015/2/1,
231358,96520504,2015/2/1,
235515,1052965,2015/3/1,
254709,490436,2014/9/1,
254709,81459632,2014/9/1,
270594,213576,2014/7/1,
270594,196469,2014/6/1,
270594,196439,2014/6/1,
270594,914215,2014/12/1,
270594,79519585,2014/6/1,
270594,80067134,2014/7/1,
270594,79555664,2014/6/1,
289314,17781,2013/10/1,
289314,66053369,2013/10/1,
294136,1056945,2015/3/1,2015/7/1
303934,494764,2014/11/1,
303934,85058988,2014/11/1,
311450,1635949,2015/5/1,
311450,100871112,2015/5/1,
316051,1473133,2015/4/1,
316051,66086405,2015/4/1,
366079,253547,2014/8/1,
366079,24920686,2014/8/1,
378871,1045692,2015/1/1,
378871,65981974,2015/1/1,
385769,1008341,2015/1/1,
397579,2080778,2015/7/1,
397579,100868814,2015/7/1,
398037,1542766,2015/5/1,
398037,96352147,2015/5/1,
402981,187610,2014/6/1,2015/7/1
409364,1581851,2015/5/1,
409364,1818105,2015/6/1,
409364,1817867,2015/6/1,
409364,1818007,2015/6/1,
409364,22687309,2015/6/1,
409364,22686914,2015/6/1,
409364,22687145,2015/6/1,
409364,700661458,2015/5/1,
409364,20347203,2015/5/1,
423317,1484829,2015/4/1,
436487,192501,2014/6/1,
436487,79520365,2014/6/1,
443583,196333,2014/6/1,
443583,73325925,2014/6/1,
447363,230661,2014/7/1,
447363,79279764,2014/7/1,
450095,2108682,2015/7/1,
450095,100386310,2015/7/1,
460594,217266,2014/8/1,
469173,196737,2014/6/1,
469173,196732,2014/6/1,
469173,196727,2014/6/1,
469173,80085936,2014/6/1,
469173,80345335,2014/6/1,
469173,80072106,2014/6/1,
486834,1750867,2015/6/1,
4026,206933,2014/8/1,
4026,215658,2014/8/1,
22163,1037822,2015/1/1,2015/7/1
27490,215282,2014/7/1,
28833,1163641,2015/1/1,
36504,239711,2014/8/1,
36504,242521,2014/8/1,
36504,215684,2014/8/1,
36504,242415,2014/8/1,
36504,218653,2014/7/1,
36504,218386,2014/8/1,
36504,206603,2014/8/1,
36504,218326,2014/8/1,
36504,243049,2014/8/1,
36504,206944,2014/8/1,
36504,26630972,2014/8/1,
36504,21645108,2014/8/1,
36504,21642836,2014/8/1,
36504,26630502,2014/8/1,
36504,20174101,2014/8/1,
36504,26629709,2014/7/1,
37196,1635035,2015/5/1,
37196,60255569,2015/5/1,
45070,1201469,2015/2/1,2015/7/1
46484,1635047,2015/5/1,
46484,60023336,2015/5/1,
48506,634028,2014/11/1,
48506,183575,2015/3/1,
48506,88350228,2014/11/1,
48506,79618337,2015/3/1,
48835,1273066,2015/3/1,
48835,93876573,2015/3/1,
60263,243368,2014/8/1,
60263,80295846,2014/8/1,
66804,236125,2014/8/1,
66804,171191,2014/6/1,
66804,10714,2013/10/1,
66804,3621,2013/10/1,
66804,15667,2013/10/1,
66804,1084174,2015/1/1,
66804,1259366,2015/3/1,
66804,1253538,2015/3/1,
66804,66051284,2015/1/1,
66804,73387109,2014/8/1,
66804,80144208,2014/6/1,
66804,61111193,2015/3/1,
66804,66077851,2013/10/1,
66804,65838084,2013/10/1,
66804,21235241,2013/10/1,
66804,66080954,2015/3/1,
70730,376538,2014/8/1,
70730,83569176,2014/8/1,
78017,243709,2014/8/1,
93620,1140150,2015/1/1,
97281,10939,2013/10/1,
97281,65848647,2013/10/1,
100423,911768,2014/12/1,
100423,66008863,2014/12/1,
101558,883243,2014/12/1,
101558,92706089,2014/12/1,
137119,241906,2014/8/1,
137119,81438484,2014/8/1,
161098,1067190,2015/1/1,
161098,31826581,2015/1/1,
161437,623715,2014/10/1,
161437,623766,2014/10/1,
161437,623668,2014/10/1,
161437,211911,2014/8/1,
161437,210417,2014/7/1,2015/7/1
161437,1147458,2015/1/1,
161437,81330624,2014/10/1,
161437,81330629,2014/10/1,
161437,33284878,2014/8/1,
161437,81330618,2014/10/1,
165092,1837462,2015/6/1,
165092,101542495,2015/6/1,
165576,928714,2014/12/1,
168133,397893,2014/8/1,
168133,218028,2014/7/1,
168133,61084900,2014/7/1,
168133,83569391,2014/8/1,
169310,61833,2014/1/1,
169310,192527,2014/6/1,
169310,80085882,2014/6/1,
169310,68712854,2014/1/1,
180268,216917,2014/8/1,
180268,11651761,2014/8/1,
180866,1242953,2015/3/1,
180866,1242906,2015/3/1,
180866,2016866,2015/7/1,
180866,102691343,2015/7/1,
180866,85053935,2015/3/1,
180866,85053914,2015/3/1,
181721,204026,2014/7/1,
181721,60637798,2014/7/1,
184788,1046005,2015/1/1,
184788,41217426,2015/1/1,
187099,1139514,2015/1/1,
187099,1139508,2015/1/1,
187099,67434535,2015/1/1,
187099,67434542,2015/1/1,
191741,415490,2014/11/1,
191741,2114938,2015/7/1,
191741,98523028,2015/7/1,
191741,80145706,2014/11/1,
196957,965839,2015/1/1,
196957,81340359,2015/1/1,
205387,62034,2014/1/1,
205387,63137,2014/1/1,
205387,132857,2014/4/1,
205387,132963,2014/4/1,
205387,68730518,2014/1/1,
205387,75014219,2014/4/1,
205387,75076511,2014/4/1,
205387,60633099,2014/1/1,
205993,2333677,2015/8/1,
209122,11913,2013/10/1,
209122,30902942,2013/10/1,
221541,1420042,2015/4/1,
221541,99093210,2015/4/1,
222714,2303771,2015/8/1,
222714,101737132,2015/8/1,
241002,1256209,2015/3/1,
241002,44258995,2015/3/1,
241443,1306573,2015/3/1,
245345,1294676,2015/3/1,
245345,98100797,2015/3/1,
260568,1584121,2015/5/1,
260568,83518196,2015/5/1,
266375,987019,2015/1/1,
266375,80114607,2015/1/1,
279945,484121,2014/9/1,2015/7/1
295690,846701,2014/12/1,
295690,84960551,2014/12/1,
309992,957533,2015/1/1,
309992,957537,2015/1/1,
309992,957529,2015/1/1,
309992,957518,2015/1/1,
309992,93877121,2015/1/1,
309992,93877119,2015/1/1,
309992,93877117,2015/1/1,
309992,93877107,2015/1/1,
347696,1050286,2015/3/1,
347696,65980299,2015/3/1,
364199,3903,2013/10/1,
364199,44258976,2013/10/1,
372474,58729,2014/1/1,2015/7/1
372474,210773,2014/7/1,
372474,79522245,2014/7/1,
382513,1577083,2015/5/1,
404191,1268578,2015/3/1,
406569,545367,2014/10/1,2015/7/1
407603,1426970,2015/4/1,
407603,97932843,2015/4/1,
425312,215034,2014/7/1,
435122,1261507,2015/3/1,
435150,2062623,2015/7/1,
435150,100270418,2015/7/1,
441537,1439179,2015/4/1,
445892,77274,2014/2/1,2015/7/1
464308,106441,2014/3/1,
464308,75059918,2014/3/1,
465525,1644261,2015/5/1,
469563,1727945,2015/6/1,
469563,96518548,2015/6/1,
470490,649468,2014/11/1,
473133,1168702,2015/2/1,
473133,1621964,2015/5/1,
473133,38251637,2015/2/1,
483517,1800645,2015/6/1,
483517,2169663,2015/8/1,
483517,104469348,2015/8/1,
483517,22523040,2015/6/1,
5631,778355,2014/12/1,
5631,89074898,2014/12/1,
8889,194804,2014/7/1,
8889,80319947,2014/7/1,
20724,218947,2014/8/1,
20724,1869756,2015/8/1,
20724,700661494,2014/8/1,
20724,79623491,2015/8/1,
20724,8339514,2014/8/1,
41757,219419,2014/8/1,
41757,221034,2014/7/1,
41757,79942341,2014/7/1,
41757,8549068,2014/8/1,
44295,528958,2014/9/1,
44295,80297110,2014/9/1,
75459,2102144,2015/7/1,
77116,868063,2014/12/1,
77116,62732227,2014/12/1,
80254,932403,2014/12/1,
80254,66025253,2014/12/1,
82164,1496350,2015/4/1,
82164,99074245,2015/4/1,
90869,203157,2014/7/1,
90869,43082312,2014/7/1,
91227,2107151,2015/7/1,
94577,217448,2014/7/1,
94577,60419989,2014/7/1,
95075,1173970,2015/2/1,2015/7/1
95075,1173968,2015/2/1,2015/7/1
112192,1319715,2015/3/1,
112192,93754304,2015/3/1,
114018,1254723,2015/3/1,
114018,60057834,2015/3/1,
138364,1488807,2015/4/1,
138364,2147547,2015/8/1,
138364,99914225,2015/4/1,
138364,104525577,2015/8/1,
142224,316238,2014/8/1,
142224,11882,2013/10/1,
142224,61273579,2014/8/1,
148344,925459,2014/12/1,
148344,66083441,2014/12/1,
151262,1099851,2015/1/1,2015/7/1
154752,2124629,2015/7/1,
154752,23624071,2015/7/1,
158057,181502,2014/6/1,
158057,73373595,2014/6/1,
169013,201672,2014/11/1,
169013,73325891,2014/11/1,
170384,1693920,2015/5/1,
170384,90532790,2015/5/1,
183409,1887412,2015/6/1,
183409,60339059,2015/6/1,
194824,1275099,2015/3/1,
194824,66031469,2015/3/1,
210338,193097,2014/6/1,
210338,193089,2014/6/1,
210338,188466,2014/6/1,
210338,188424,2014/6/1,
210338,188446,2014/6/1,2015/7/1
210338,193095,2014/6/1,
210338,193088,2014/6/1,
210338,183423,2014/6/1,
210338,193092,2014/6/1,
210338,79629651,2014/6/1,
210338,79629654,2014/6/1,
210338,79629649,2014/6/1,
210338,79629661,2014/6/1,
210338,79629659,2014/6/1,
210338,79629673,2014/6/1,
210338,79629667,2014/6/1,
217253,1369516,2015/3/1,
217253,92542310,2015/3/1,
311701,598125,2014/10/1,
311701,507210,2014/9/1,
311701,88057399,2014/10/1,
311701,79627542,2014/9/1,
313326,533305,2014/9/1,
330487,1983857,2015/7/1,
330487,96531444,2015/7/1,
392532,216844,2014/8/1,2015/7/1
396990,217927,2014/7/1,
396990,80147426,2014/7/1,
435920,407601,2014/8/1,
483598,334435,2014/9/1,
483598,334597,2014/9/1,
483598,213071,2014/8/1,
483598,220436,2014/7/1,
483598,220521,2014/7/1,
483598,241531,2014/8/1,
483598,213086,2014/8/1,
483598,217277,2014/8/1,
483598,214204,2014/7/1,
483598,73366961,2014/8/1,
483598,73366719,2014/8/1,
483598,81331240,2014/7/1,
483598,73367545,2014/9/1,
483598,73366721,2014/8/1,
483598,73368205,2014/7/1,
495217,216425,2014/8/1,
495217,218150,2014/8/1,
495217,206528,2014/8/1,
495217,32506898,2014/8/1,
495217,42523822,2014/8/1,
501351,1242569,2015/3/1,
502739,1451971,2015/4/1,
502739,2019885,2015/7/1,
502739,2220698,2015/8/1,
502739,103881268,2015/8/1,
502739,97966794,2015/7/1,
502739,97964765,2015/4/1,
512730,1036208,2015/1/1,
512730,66054484,2015/1/1,
882,2169841,2015/8/1,
23299,937005,2014/12/1,
32572,1813296,2015/6/1,
45143,639235,2014/11/1,
45143,73328094,2014/11/1,
62475,249031,2014/8/1,
65379,1246585,2015/5/1,
65379,96482443,2015/5/1,
82434,2103572,2015/7/1,
82434,20567723,2015/7/1,
87353,638818,2014/11/1,
87353,638817,2014/11/1,
87353,194997,2014/6/1,
87353,1339466,2015/3/1,
87353,2047311,2015/7/1,
87353,88421747,2014/11/1,
87353,81341370,2014/6/1,
87353,97004577,2015/3/1,
117738,767108,2014/11/1,
117738,89080529,2014/11/1,
134608,180968,2014/6/1,
134608,79939215,2014/6/1,
158606,1678400,2015/5/1,
158606,101355343,2015/5/1,
164881,1769210,2015/6/1,
164881,100112169,2015/6/1,
187410,756718,2014/12/1,
187410,756662,2014/12/1,
187410,756714,2014/12/1,
187410,89716079,2014/12/1,
187410,89716076,2014/12/1,
188676,2158488,2015/8/1,
188676,102935600,2015/8/1,
190397,891613,2014/12/1,
190397,89116753,2014/12/1,
248342,734008,2014/11/1,
248342,33831261,2014/11/1,
253322,1261638,2015/3/1,
253322,2161819,2015/8/1,
253322,92773046,2015/8/1,
253322,66067321,2015/3/1,
254510,890803,2014/12/1,
254510,60793,2014/1/1,
254510,1531260,2015/5/1,
254510,903003,2014/12/1,
254510,35877404,2014/12/1,
254510,44062967,2014/12/1,
254510,79307227,2015/5/1,
254510,68740299,2014/1/1,
284164,245660,2014/8/1,
284164,79279776,2014/8/1,
284914,752967,2014/11/1,
284914,484113,2014/9/1,
284914,288095,2014/8/1,
284914,520076,2014/9/1,
284914,79554667,2014/11/1,
284914,80318169,2014/8/1,
290638,1588949,2015/5/1,
290638,1868526,2015/6/1,
290638,1999476,2015/7/1,
290638,1868467,2015/6/1,
290638,99912962,2015/6/1,
290638,99912966,2015/6/1,
290638,96995040,2015/5/1,
290638,93609195,2015/7/1,
303456,1372388,2015/3/1,
303456,92542280,2015/3/1,
321471,1843934,2015/6/1,
330183,743312,2014/11/1,
330183,1615946,2015/5/1,
330183,96506792,2015/5/1,
330183,89115871,2014/11/1,
331868,750047,2014/11/1,
331868,85044360,2014/11/1,
347776,1823853,2015/6/1,
347776,1824272,2015/6/1,
347776,28100865,2015/6/1,
347776,27878352,2015/6/1,
414643,12899,2013/10/1,
414643,10095090,2013/10/1,
430053,230048,2014/8/1,2015/3/1
432851,1299921,2015/3/1,
432851,93537273,2015/3/1,
437288,1261571,2015/3/1,
437288,2305594,2015/8/1,
437288,66052905,2015/3/1,
437720,498986,2014/9/1,2015/7/1
440802,2069225,2015/7/1,
440802,10095141,2015/7/1,
446120,19028,2013/10/1,
446120,1145792,2015/1/1,
446120,60654432,2013/10/1,
446120,24010053,2015/1/1,
456744,754265,2014/11/1,
456744,236207,2014/8/1,
456744,35985196,2014/8/1,
456744,89118664,2014/11/1,
476681,1139290,2015/2/1,
476681,91566825,2015/2/1,
489816,1956552,2015/7/1,
490131,928627,2014/12/1,
490131,586365,2014/10/1,
490131,873791,2014/12/1,
490131,873545,2014/12/1,
490131,707685,2014/11/1,
490131,420329,2014/8/1,
490131,242469,2014/8/1,
490131,189128,2014/6/1,
490131,1126319,2015/1/1,
490131,2233693,2015/8/1,
490131,80072105,2014/6/1,
490131,83567232,2014/12/1,
490131,83486125,2014/8/1,
490131,80113225,2014/11/1,
490131,93814190,2015/8/1,
490131,91875894,2015/1/1,
490131,91740096,2014/12/1,
490131,80156837,2014/8/1,
491612,211908,2014/8/1,
491612,207654,2014/8/1,
491612,34193079,2014/8/1,
491612,32629304,2014/8/1,
514032,1555445,2015/5/1,
514032,2125501,2015/7/1,
514032,2125421,2015/7/1,
514032,96521807,2015/5/1,
514032,104600322,2015/7/1,
519302,1249545,2015/3/1,
1239,1129468,2015/3/1,
1239,91704755,2015/3/1,
13905,1039724,2015/3/1,2015/7/1
13905,1040060,2015/3/1,2015/7/1
13905,1039719,2015/3/1,2015/7/1
13905,1039830,2015/3/1,2015/7/1
27004,1188348,2015/2/1,
27004,95165837,2015/2/1,
42215,607946,2014/10/1,2015/7/1
42215,911561,2014/12/1,
42215,930645,2014/12/1,
42215,30461,2013/10/1,2015/7/1
42215,19278,2013/10/1,
42215,30460,2013/10/1,2015/7/1
42215,1058237,2015/3/1,
42215,903441,2014/12/1,
42215,66228027,2013/10/1,
42215,66058205,2014/12/1,
42215,66057508,2014/12/1,
42215,65994252,2015/3/1,
42215,66016902,2014/12/1,
50133,580228,2014/10/1,
50133,1686624,2015/5/1,
50133,61280379,2014/10/1,
52677,1184551,2015/2/1,
52677,93702309,2015/2/1,
64375,2132514,2015/8/1,
64375,104468799,2015/8/1,
84702,485044,2014/9/1,
84702,203547,2014/7/1,
84702,2169930,2015/8/1,
84702,97359881,2015/8/1,
84702,85077134,2014/9/1,
84702,80145000,2014/7/1,
85285,11647,2013/10/1,
91361,1939691,2015/7/1,
91361,69036502,2015/7/1,
99585,658896,2014/11/1,
99585,188104,2014/6/1,
99585,39525774,2014/6/1,
99585,88421112,2014/11/1,
127097,215733,2014/7/1,
127097,220922,2014/8/1,
127097,218252,2014/8/1,
127097,206578,2014/8/1,
127097,213411,2014/7/1,
127097,224888,2014/7/1,
127097,227749,2014/8/1,
127097,224189,2014/7/1,
127097,218706,2014/8/1,
127097,218147,2014/8/1,
127097,225091,2014/7/1,
127097,1095488,2015/1/1,
127097,1568214,2015/5/1,
127097,1855345,2015/6/1,
127097,1855303,2015/6/1,
127097,1997395,2015/7/1,
127097,90440791,2015/7/1,
127097,17778756,2014/7/1,
127097,22352602,2014/8/1,
127097,96999514,2015/6/1,
127097,23949624,2014/8/1,
127097,61272663,2015/5/1,
127097,27469147,2014/7/1,
127097,23045187,2014/7/1,
127097,19483612,2014/7/1,
127097,16505197,2014/7/1,
127097,96499102,2015/6/1,
127097,21870267,2015/1/1,
127097,23036335,2014/8/1,
127097,24456679,2014/8/1,
127097,40390405,2014/4/1,
137969,217270,2014/8/1,
137969,81331115,2014/8/1,
141947,210825,2014/7/1,
141947,79935023,2014/7/1,
168168,204895,2014/7/1,
168168,204894,2014/7/1,
168168,80104329,2014/7/1,
168168,80104489,2014/7/1,
170664,1258467,2015/3/1,2015/7/1
171803,1340095,2015/3/1,
171803,97521814,2015/3/1,
193694,1639702,2015/5/1,
193694,96748217,2015/5/1,
203297,2038825,2015/7/1,
203297,103064754,2015/7/1,
238352,1275104,2015/3/1,
238352,66031528,2015/3/1,
248364,617687,2014/10/1,
248364,79640997,2014/10/1,
252710,786051,2014/12/1,
252710,1176471,2015/2/1,
252710,90145223,2014/12/1,
252710,93540760,2015/2/1,
262577,241385,2014/11/1,
262577,242577,2014/11/1,
262577,241378,2014/11/1,
270693,170253,2014/6/1,
270693,10779,2013/10/1,
270693,79933257,2014/6/1,
270693,28949617,2013/10/1,
271738,19794,2013/10/1,
271738,43397458,2013/10/1,
280458,2232186,2015/8/1,
281621,2274390,2015/8/1,
281621,105314502,2015/8/1,
295240,1270129,2015/3/1,
295240,66050467,2015/3/1,
297705,242857,2014/8/1,
308024,2082910,2015/7/1,
308024,96725365,2015/7/1,
317145,2303668,2015/8/1,
317145,106294482,2015/8/1,
323783,706632,2014/11/1,
346001,212995,2014/7/1,
346001,73366059,2014/7/1,
364109,613656,2014/10/1,
364109,613513,2014/10/1,
364109,613390,2014/10/1,
364109,613725,2014/10/1,
364109,60400,2014/1/1,
364109,1372637,2015/3/1,
364109,1369579,2015/3/1,
364109,1357312,2015/3/1,
364109,1372403,2015/3/1,
364109,1372418,2015/3/1,
364109,92542282,2015/3/1,
364109,92542274,2015/3/1,
364109,97522626,2015/3/1,
364109,85062237,2014/10/1,
364109,83563320,2014/10/1,
364109,91677254,2015/3/1,
364109,68687487,2014/10/1,
364109,85959534,2014/10/1,
379179,1935704,2015/7/1,
379179,99868384,2015/7/1,
394211,1053283,2015/3/1,
400994,2261871,2015/8/1,
400994,105609191,2015/8/1,
415953,195021,2014/6/1,
415953,69124787,2014/6/1,
461055,581606,2014/10/1,
461055,83560742,2014/10/1,
463843,2152590,2015/8/1,
463843,100499282,2015/8/1,
470217,236954,2014/8/1,
474480,214596,2014/7/1,
474480,81386398,2014/7/1,
476115,1176081,2015/2/1,
476115,93536997,2015/2/1,
501644,1389532,2015/4/1,
501644,99081901,2015/4/1,
525562,16768,2013/10/1,
525562,66017450,2013/10/1,
1783,1452708,2015/4/1,
1783,19251237,2015/4/1,
26860,1246358,2015/3/1,
88607,171413,2014/6/1,
88607,31478393,2014/6/1,
88654,1723102,2015/6/1,
88654,19250625,2015/6/1,
116343,247667,2014/8/1,
116343,83556985,2014/8/1,
124521,7648,2013/10/1,
124521,66070086,2013/10/1,
125588,2212353,2015/8/1,
125588,104906436,2015/8/1,
167844,185850,2014/6/1,
218466,520509,2014/9/1,
218466,1724132,2015/6/1,
218466,1724139,2015/6/1,
218466,1724115,2015/6/1,
218466,101093611,2015/6/1,
218466,101093609,2015/6/1,
218466,101093605,2015/6/1,
218466,79522961,2014/9/1,
220224,207462,2014/8/1,
220224,215877,2014/8/1,
225660,171030,2014/6/1,
225660,38807592,2014/6/1,
228496,1996588,2015/7/1,
248710,1094550,2015/1/1,2015/7/1
254307,856140,2014/12/1,
254307,81335947,2014/12/1,
254369,210719,2014/8/1,
254369,156605,2014/6/1,
254369,72827013,2014/8/1,
257996,1780722,2015/6/1,
257996,92403048,2015/6/1,
261339,648703,2014/11/1,
261339,215360,2014/8/1,
261339,30040481,2014/8/1,
261339,85069098,2014/11/1,
267817,1357319,2015/3/1,
267817,98094808,2015/3/1,
272119,1168263,2015/2/1,
317825,250173,2014/8/1,
317825,230557,2014/7/1,
317825,185206,2014/6/1,
317825,1760143,2015/6/1,
317825,81702621,2014/7/1,
317825,80144051,2014/6/1,
317825,101684534,2015/6/1,
317825,79554158,2014/8/1,
330103,641400,2014/11/1,
330103,571535,2014/10/1,
330103,88350974,2014/11/1,
330103,87813233,2014/10/1,
345230,167484,2014/6/1,
349904,20573,2013/10/1,
349904,61517726,2013/10/1,
354533,1307137,2015/3/1,
360959,1674858,2015/5/1,
360959,83519883,2015/5/1,
373612,224501,2014/7/1,
373612,224499,2014/11/1,
375490,957810,2015/1/1,
378047,63127,2014/1/1,
387241,205221,2014/7/1,
398477,2086341,2015/7/1,
426413,165473,2014/6/1,
426413,41360113,2014/6/1,
434156,41630,2013/12/1,2015/7/1
434209,654863,2014/11/1,
434209,650033,2014/11/1,
434209,1621667,2015/5/1,
434209,1622628,2015/5/1,
434209,96521732,2015/5/1,
434209,85961630,2014/11/1,
434209,79322313,2014/11/1,
434209,92781854,2015/5/1,
452290,1865703,2015/7/1,
452290,99914601,2015/7/1,
460235,911050,2014/12/1,2015/7/1
467814,2333573,2015/8/1,
475854,932743,2014/12/1,
475854,21377195,2014/12/1,
481893,615617,2014/10/1,
481893,229864,2014/7/1,
10691,169066,2014/6/1,
10691,36270553,2014/6/1,
17998,2301539,2015/8/1,
17998,100868932,2015/8/1,
44087,1452023,2015/4/1,
44087,14872960,2015/4/1,
44912,1102116,2015/1/1,
65028,190033,2014/6/1,
65028,190032,2014/6/1,
65028,190031,2014/6/1,
65028,190035,2014/6/1,
65028,190034,2014/6/1,
65028,81122436,2014/6/1,
65028,81122444,2014/6/1,
65028,81122427,2014/6/1,
65028,81122438,2014/6/1,
65028,81122425,2014/6/1,
77103,1308888,2015/3/1,
77103,89113736,2015/3/1,
77777,1191032,2015/2/1,
77777,73391763,2015/2/1,
86729,1636166,2015/5/1,
86729,100871100,2015/5/1,
99856,1772427,2015/6/1,
99856,1807174,2015/6/1,
99856,33544758,2015/6/1,
99856,27325653,2015/6/1,
114585,232487,2014/7/1,
114585,79324501,2014/7/1,
151124,1419886,2015/4/1,
151124,1578895,2015/5/1,
151124,98905794,2015/4/1,
151124,100523250,2015/5/1,
152159,223063,2014/7/1,
152159,201817,2014/7/1,
152159,214531,2014/7/1,
152159,201877,2014/7/1,
152159,201826,2014/7/1,
152159,214537,2014/7/1,
152159,201881,2014/7/1,
152159,201829,2014/7/1,
152159,201828,2014/7/1,
152159,201821,2014/7/1,
152159,217193,2015/8/1,
152159,38301558,2014/7/1,
152159,60665872,2014/7/1,
152159,60742290,2014/7/1,
152159,60755829,2014/7/1,
152159,60665694,2014/7/1,
152159,60666303,2014/7/1,
152159,60666125,2014/7/1,
152159,60666014,2014/7/1,
159562,199164,2014/7/1,
159562,29324554,2014/7/1,
163587,205642,2014/8/1,
163587,205654,2014/8/1,
163587,192610,2014/8/1,
163587,192608,2014/8/1,
163587,236249,2014/8/1,
163587,1942415,2015/7/1,
163587,41626913,2014/8/1,
163587,42689785,2014/8/1,
163587,80154863,2015/7/1,
198650,712962,2015/1/1,
208615,1270111,2015/3/1,
208615,66047820,2015/3/1,
214119,1818867,2015/6/1,
216293,1446085,2015/4/1,
216293,73375699,2015/4/1,
218139,1140038,2015/1/1,
218139,91872623,2015/1/1,
247049,15525,2013/10/1,
247049,60298188,2013/10/1,
249819,1058348,2015/3/1,
249819,65993530,2015/3/1,
250217,818934,2014/12/1,
250217,818933,2014/12/1,
250217,87434468,2014/12/1,
280601,1636222,2015/5/1,
280601,100871089,2015/5/1,
303872,1253962,2015/3/1,
303872,81442750,2015/3/1,
312751,611386,2014/10/1,
312917,1845562,2015/6/1,
312917,99082430,2015/6/1,
322207,182076,2014/6/1,
322207,1251603,2015/3/1,2015/7/1
322207,1251576,2015/3/1,2015/7/1
322207,1251944,2015/3/1,2015/7/1
322207,2208124,2015/8/1,
322207,6205015,2015/8/1,
323306,216340,2014/8/1,
341822,220713,2014/8/1,
349326,1276122,2015/3/1,
349326,13173750,2015/3/1,
351929,724849,2014/11/1,
380980,1625096,2015/5/1,
380980,96513087,2015/5/1,
430035,753180,2014/11/1,
430035,243065,2014/8/1,
430035,89114871,2014/11/1,
430035,81387719,2014/8/1,
438020,554461,2014/9/1,
446674,929356,2014/12/1,
446674,66062726,2014/12/1,
451587,759574,2014/12/1,
451587,81469527,2014/12/1,
452324,903848,2014/12/1,
452859,168200,2014/6/1,
452859,1635022,2015/5/1,
452859,60682215,2015/5/1,
457144,188514,2014/6/1,
457902,1096443,2015/1/1,
457902,1491255,2015/4/1,
457902,2133498,2015/7/1,
457902,32658116,2015/4/1,
457902,36516255,2015/7/1,
457902,32333665,2015/1/1,
472956,1403879,2015/4/1,
472956,79950932,2015/4/1,
521339,225969,2014/7/1,
521339,79560645,2014/7/1,
521935,1273138,2015/3/1,
521935,97931960,2015/3/1,
10695,143902,2014/5/1,
10695,34010957,2014/5/1,
22981,4888,2013/10/1,
22981,61955383,2013/10/1,
52079,34058,2013/10/1,
52079,43087097,2013/10/1,
55821,220290,2014/8/1,
55821,2308419,2015/8/1,
55821,32642213,2014/8/1,
55821,99072433,2015/8/1,
58737,206457,2014/8/1,
58737,217919,2014/7/1,
58737,60618942,2014/8/1,
62561,2213834,2015/8/1,
62561,100499068,2015/8/1,
63080,229637,2014/8/1,
63080,12500896,2014/8/1,
69522,162413,2014/6/1,
69522,1460086,2015/4/1,
97461,1525234,2015/4/1,
97461,96924362,2015/4/1,
101325,892500,2014/12/1,
101347,530100,2014/9/1,
101347,81325094,2014/9/1,
126528,657582,2014/11/1,
126528,85963630,2014/11/1,
129674,1766958,2015/6/1,
129674,91759243,2015/6/1,
136893,1196490,2015/2/1,
136893,1203673,2015/2/1,
222694,1268487,2015/3/1,
222694,1268495,2015/3/1,
222694,66072130,2015/3/1,
222694,66072128,2015/3/1,
225893,492438,2014/11/1,
238408,1036344,2015/1/1,
238408,27303983,2015/1/1,
268043,194492,2014/6/1,
268043,194461,2014/6/1,
268043,700661454,2014/6/1,
268043,700661455,2014/6/1,
268043,9777063,2014/6/1,
268043,9771098,2014/6/1,
275853,799305,2014/12/1,
275853,89081858,2014/12/1,
285309,227775,2014/8/1,
285309,197871,2014/6/1,
285309,41255394,2014/8/1,
285309,81440157,2014/6/1,
298966,1095073,2015/1/1,
298966,33455169,2015/1/1,
308822,193147,2014/6/1,
308822,73365886,2014/6/1,
310509,2325381,2015/8/1,
326755,839476,2014/12/1,
326755,91810214,2014/12/1,
330586,930240,2014/12/1,
330586,66061301,2014/12/1,
334019,1775402,2015/6/1,
334019,32920534,2015/6/1,
336009,1139921,2015/1/1,
336009,1261989,2015/3/1,
336009,1595063,2015/5/1,
336009,92424094,2015/1/1,
336009,97817090,2015/5/1,
336009,97794763,2015/3/1,
342025,174853,2014/6/1,
342025,41163579,2014/6/1,
344480,1687799,2015/5/1,
344480,98626702,2015/5/1,
349580,929031,2014/12/1,
349580,40521751,2014/12/1,
351918,1269206,2015/3/1,
351918,61395703,2015/3/1,
362734,421126,2014/9/1,
362734,79266558,2014/9/1,
374272,592446,2014/10/1,
374272,85271711,2014/10/1,
417452,1646985,2015/5/1,
420765,1222004,2015/3/1,
420765,1185108,2015/3/1,
420765,96511595,2015/3/1,
420765,96498246,2015/3/1,
445967,204052,2014/7/1,
445967,204012,2014/7/1,
445967,191071,2014/6/1,
445967,60001415,2014/7/1,
445967,61879992,2014/7/1,
445967,79934068,2014/6/1,
449114,1421832,2015/4/1,2015/7/1
469211,241314,2014/8/1,2015/7/1
472692,1171896,2015/2/1,
472692,92779742,2015/2/1,
473947,758253,2014/11/1,
473947,81442087,2014/11/1,
478055,333327,2014/11/1,
478055,1640619,2015/5/1,
478055,79623068,2014/11/1,
478055,97940056,2015/5/1,
486211,1583703,2015/5/1,
486211,1583728,2015/5/1,
486211,96621800,2015/5/1,
486211,96621798,2015/5/1,
494024,230463,2014/7/1,
499365,1937624,2015/7/1,
29041,1868957,2015/6/1,
29041,1868963,2015/6/1,
33606,2282027,2015/8/1,
33606,82042364,2015/8/1,
34161,2133465,2015/7/1,
34161,36602347,2015/7/1,
36486,223898,2014/7/1,
36486,9212778,2014/7/1,
37145,1133916,2015/1/1,
37145,19676220,2015/1/1,
42051,173492,2014/6/1,
42051,1139052,2015/1/1,
42051,80624630,2014/6/1,
42051,93537990,2015/1/1,
60605,781229,2014/12/1,
60605,79625663,2014/12/1,
65950,528322,2014/9/1,
65950,79285467,2014/9/1,
66843,932649,2014/12/1,
66843,932657,2014/12/1,
66843,930522,2014/12/1,
66843,66063773,2014/12/1,
72738,1822763,2015/6/1,
72738,98626631,2015/6/1,
73162,1335784,2015/3/1,
73162,91707114,2015/3/1,
80622,1147617,2015/1/1,
80622,91767014,2015/1/1,
88034,1242605,2015/3/1,
88034,96489551,2015/3/1,
106128,2030366,2015/7/1,
129447,885981,2014/12/1,
129447,92715367,2014/12/1,
157843,786988,2014/12/1,
157843,79559656,2014/12/1,
179491,229465,2014/7/1,
179491,44507927,2014/7/1,
182734,183898,2014/6/1,
182734,61395978,2014/6/1,
183850,1679552,2015/5/1,
183850,27323794,2015/5/1,
187630,1196208,2015/2/1,
189920,490718,2014/9/1,
189920,83560740,2014/9/1,
194248,1822823,2015/6/1,
194248,27160899,2015/6/1,
220079,2295268,2015/8/1,
220079,104638698,2015/8/1,
225507,906282,2014/12/1,
225507,2081820,2015/7/1,
225507,97983993,2015/7/1,
286865,611288,2014/10/1,
286865,79523625,2014/10/1,
288496,178092,2014/8/1,
288496,72366043,2014/8/1,
310996,1750861,2015/6/1,
310996,61320876,2015/6/1,
354386,669174,2014/11/1,
354386,75507281,2014/11/1,
376375,1246069,2015/3/1,
376375,97769597,2015/3/1,
395592,205510,2014/7/1,
395592,79643579,2014/7/1,
399486,2033707,2015/7/1,
401053,210586,2014/7/1,
401053,225852,2014/7/1,
401053,36559588,2014/7/1,
401053,81330698,2014/7/1,
413818,1422804,2015/4/1,
413818,93537912,2015/4/1,
430319,1271364,2015/3/1,
430319,2074276,2015/7/1,
430319,700661462,2015/3/1,
430319,96515114,2015/7/1,
430319,30996554,2015/3/1,
491159,1622122,2015/5/1,
507493,219320,2014/8/1,
507493,218260,2014/8/1,
507493,206584,2014/8/1,
507493,16539918,2014/8/1,
507493,23962550,2014/8/1,
521138,1828466,2015/6/1,
523669,1343574,2015/3/1,
523669,1586109,2015/5/1,
523669,86244396,2015/3/1,
43594,1364303,2015/3/1,
43594,80300489,2015/3/1,
55480,5569,2013/10/1,
55480,60833727,2013/10/1,
68121,508828,2014/9/1,
68121,60121790,2015/1/1,
109733,228517,2014/8/1,
114862,445475,2014/9/1,
114862,445358,2014/9/1,
114862,445446,2014/9/1,
114862,445319,2014/9/1,
114862,445408,2014/9/1,
114862,445390,2014/9/1,
114862,445458,2014/9/1,
114862,445426,2014/9/1,
114862,445288,2014/9/1,
114862,81380783,2014/9/1,
114862,81380750,2014/9/1,
114862,81380802,2014/9/1,
114862,81380793,2014/9/1,
114862,81380817,2014/9/1,
114862,81380835,2014/9/1,
114862,81380830,2014/9/1,
114862,81380809,2014/9/1,
114862,81380824,2014/9/1,
135845,1370137,2015/3/1,
135845,1782320,2015/6/1,
135845,96516436,2015/3/1,
135845,100869766,2015/6/1,
158892,710406,2014/11/1,2015/7/1
158892,89124243,2014/11/1,
171251,1686992,2015/5/1,
175325,1907296,2015/6/1,
175325,101656122,2015/6/1,
181877,243704,2014/8/1,
184997,1572844,2015/5/1,
184997,91687894,2015/5/1,
205240,904129,2014/12/1,2015/7/1
218436,1972138,2015/7/1,
218436,96497514,2015/7/1,
238298,161246,2014/6/1,
240295,1768992,2015/6/1,
240295,92402982,2015/6/1,
286184,929833,2014/12/1,
286184,66064771,2014/12/1,
312966,1083296,2015/1/1,
312966,1092182,2015/3/1,
312966,1092146,2015/3/1,
312966,1092123,2015/3/1,
312966,1092196,2015/3/1,
312966,1092015,2015/3/1,
312966,1092035,2015/3/1,
312966,1092162,2015/3/1,
312966,66052592,2015/3/1,
312966,66052132,2015/1/1,
312966,66053034,2015/3/1,
312966,66052202,2015/3/1,
312966,66051691,2015/3/1,
312966,66052579,2015/3/1,
312966,66052626,2015/3/1,
312966,66053053,2015/3/1,
320433,227340,2014/8/1,
331155,1745227,2015/6/1,
331155,101096469,2015/6/1,
344263,1096139,2015/1/1,
344263,24574301,2015/1/1,
355173,1969022,2015/7/1,
355173,98521897,2015/7/1,
356214,1378511,2015/3/1,
356214,1827612,2015/6/1,
356214,1827690,2015/6/1,
356214,28344349,2015/3/1,
356214,24397067,2015/6/1,
356214,24395752,2015/6/1,
384432,1238945,2015/3/1,
384432,1238942,2015/3/1,
384432,1238943,2015/3/1,
384432,93250284,2015/3/1,
384432,93250378,2015/3/1,
386222,2338364,2015/8/1,
386222,104414880,2015/8/1,
394535,1847986,2015/6/1,
394535,97741474,2015/6/1,
398590,2236591,2015/8/1,
398590,97741189,2015/8/1,
405088,529695,2014/9/1,
405088,67782966,2014/9/1,
411702,176452,2014/6/1,
417920,146871,2014/5/1,
417920,60535556,2014/5/1,
432180,612213,2014/10/1,
432180,79559756,2014/10/1,
442752,202929,2014/7/1,
442752,60616010,2014/7/1,
447159,755081,2014/12/1,2015/7/1
456371,198049,2014/6/1,
456371,993253,2015/1/1,
456371,1703761,2015/5/1,
456371,2020952,2015/8/1,
456371,85065576,2015/5/1,
456371,79282888,2014/6/1,
456371,85053507,2015/1/1,
459769,220410,2014/7/1,
459769,73331972,2014/7/1,
474179,928469,2014/12/1,
474179,36567859,2014/12/1,
484573,210828,2014/7/1,
484573,79630073,2014/7/1,
515974,538228,2014/9/1,
525849,1130284,2015/1/1,
525849,92400371,2015/1/1,
4164,1092018,2015/1/1,
4164,95153443,2015/1/1,
49675,19651,2013/10/1,
49675,60357475,2013/10/1,
49675,700661466,2013/10/1,
62678,1534327,2015/5/1,
62678,96495029,2015/5/1,
78604,12187,2013/10/1,
78604,62099715,2013/10/1,
87086,1184206,2015/2/1,
87086,91746892,2015/2/1,
95668,132574,2014/4/1,
95668,72849547,2014/4/1,
97758,930357,2014/12/1,
119860,1734465,2015/6/1,
119860,91747406,2015/6/1,
135747,745878,2014/11/1,
135747,2206454,2015/8/1,
135747,89126781,2014/11/1,
135747,102353403,2015/8/1,
156884,2232122,2015/8/1,
156884,97766918,2015/8/1,
163770,1267648,2015/3/1,
163770,66067750,2015/3/1,
168440,650566,2014/11/1,
168440,1446219,2015/4/1,
168440,88351717,2014/11/1,
168440,61499629,2015/4/1,
237464,1512027,2015/4/1,
237464,96571513,2015/4/1,
241886,1036097,2015/1/1,
241886,66069745,2015/1/1,
245143,59663,2014/1/1,
245143,62185301,2014/1/1,
255086,61898,2014/1/1,
255086,61771,2014/1/1,
255086,61774,2014/1/1,
255086,61767,2014/1/1,
255086,62643,2014/1/1,
255086,62519,2014/1/1,
255086,62441,2014/1/1,
255086,62513,2014/1/1,
255086,62448,2014/1/1,
255086,62507,2014/1/1,
255086,62532,2014/1/1,
255086,62480,2014/1/1,
255086,62454,2014/1/1,
255086,62444,2014/1/1,
255086,62450,2014/1/1,
255086,61768,2014/1/1,
255086,61686,2014/1/1,
255086,61789,2014/1/1,
255086,61808,2014/1/1,
255086,61899,2014/1/1,
255086,61886,2014/1/1,
255086,61624,2014/1/1,
255086,61765,2014/1/1,
255086,61733,2014/1/1,
255086,61715,2014/1/1,
255086,61701,2014/1/1,
255086,61723,2014/1/1,
255086,61684,2014/1/1,
255086,61793,2014/1/1,
255086,61806,2014/1/1,
255086,61627,2014/1/1,
255086,61758,2014/1/1,
255086,61639,2014/1/1,
255086,61647,2014/1/1,
255086,61630,2014/1/1,
255086,61621,2014/1/1,
255086,61635,2014/1/1,
255086,61645,2014/1/1,
255086,61629,2014/1/1,
255086,61717,2014/1/1,
255086,61623,2014/1/1,
255086,62510,2014/1/1,
255086,62486,2014/1/1,
255086,62505,2014/1/1,
255086,62439,2014/1/1,
255086,62437,2014/1/1,
255086,62435,2014/1/1,
255086,62642,2014/1/1,
255086,62637,2014/1/1,
255086,62506,2014/1/1,
255086,62512,2014/1/1,
255086,62466,2014/1/1,
255086,62465,2014/1/1,
255086,61670,2014/1/1,
255086,62471,2014/1/1,
255086,61699,2014/1/1,
255086,61704,2014/1/1,
255086,61667,2014/1/1,
255086,61689,2014/1/1,
255086,61675,2014/1/1,
255086,61812,2014/1/1,
255086,61894,2014/1/1,
255086,61695,2014/1/1,
255086,61685,2014/1/1,
255086,61690,2014/1/1,
255086,61761,2014/1/1,
255086,61799,2014/1/1,
255086,61810,2014/1/1,
255086,61727,2014/1/1,
255086,61730,2014/1/1,
255086,61737,2014/1/1,
255086,61776,2014/1/1,
255086,61673,2014/1/1,
255086,61678,2014/1/1,
255086,61680,2014/1/1,
255086,61671,2014/1/1,
255086,61688,2014/1/1,
255086,61809,2014/1/1,
255086,61692,2014/1/1,
255086,61707,2014/1/1,
255086,61890,2014/1/1,
255086,61712,2014/1/1,
255086,61720,2014/1/1,
255086,59018,2014/1/1,
255086,59042,2014/1/1,
255086,59271,2014/1/1,
255086,59326,2014/1/1,
255086,59320,2014/1/1,
255086,59124,2014/1/1,
255086,59020,2014/1/1,
255086,59168,2014/1/1,
255086,59158,2014/1/1,
255086,59127,2014/1/1,
255086,59047,2014/1/1,
255086,59149,2014/1/1,
255086,59024,2014/1/1,
255086,59014,2014/1/1,
255086,59036,2014/1/1,
255086,59051,2014/1/1,
255086,59354,2014/1/1,
255086,59337,2014/1/1,
255086,59344,2014/1/1,
255086,59096,2014/1/1,
255086,59342,2014/1/1,
255086,59103,2014/1/1,
255086,59189,2014/1/1,
255086,59248,2014/1/1,
255086,59359,2014/1/1,
255086,59227,2014/1/1,
255086,59377,2014/1/1,
255086,59374,2014/1/1,
255086,59366,2014/1/1,
255086,59253,2014/1/1,
255086,59233,2014/1/1,
255086,59398,2014/1/1,
255086,59386,2014/1/1,
255086,59329,2014/1/1,
255086,59091,2014/1/1,
255086,59066,2014/1/1,
255086,59106,2014/1/1,
255086,59206,2014/1/1,
255086,59284,2014/1/1,
255086,59334,2014/1/1,
255086,59080,2014/1/1,
255086,59259,2014/1/1,
255086,59278,2014/1/1,
255086,59301,2014/1/1,
255086,59033,2014/1/1,
255086,59134,2014/1/1,
255086,59114,2014/1/1,
255086,59137,2014/1/1,
255086,59118,2014/1/1,
255086,59110,2014/1/1,
255086,59221,2014/1/1,
255086,59199,2014/1/1,
255086,59266,2014/1/1,
255086,59130,2014/1/1,
255086,59087,2014/1/1,
255086,59062,2014/1/1,
255086,59143,2014/1/1,
255086,59073,2014/1/1,
255086,59241,2014/1/1,
255086,59216,2014/1/1,
255086,59313,2014/1/1,
255086,56119,2014/1/1,
255086,56142,2014/1/1,
255086,56147,2014/1/1,
255086,56123,2014/1/1,
255086,56139,2014/1/1,
255086,56238,2014/1/1,
255086,56154,2014/1/1,
255086,56136,2014/1/1,
255086,59057,2014/1/1,
255086,199751,2014/7/1,
255086,54955,2014/1/1,
255086,54959,2014/1/1,
255086,54925,2014/1/1,
255086,54921,2014/1/1,
255086,54957,2014/1/1,
255086,54942,2014/1/1,
255086,54980,2014/1/1,
255086,54939,2014/1/1,
255086,54950,2014/1/1,
255086,54947,2014/1/1,
255086,54962,2014/1/1,
255086,54974,2014/1/1,
255086,54936,2014/1/1,
255086,54945,2014/1/1,
255086,54966,2014/1/1,
255086,54970,2014/1/1,
255086,62468,2014/1/1,
255086,1941828,2015/7/1,
255086,44073666,2014/7/1,
255086,39584831,2014/1/1,
255086,98907929,2015/7/1,
255086,60625658,2014/1/1,
255086,60615762,2014/1/1,
255086,37553151,2014/1/1,
255086,37551167,2014/1/1,
255086,37532033,2014/1/1,
269490,328415,2014/8/1,
269490,60811633,2014/8/1,
276647,220298,2014/8/1,
276647,30516880,2014/8/1,
283447,174297,2014/6/1,
283447,67558250,2014/6/1,
296917,217511,2014/8/1,
296917,217516,2014/8/1,
296917,217519,2014/8/1,
296917,217517,2014/8/1,
296917,217585,2014/8/1,
331977,210819,2014/7/1,
331977,79629918,2014/7/1,
342578,172854,2014/6/1,
342578,18390353,2014/6/1,
377799,194927,2014/7/1,
377799,38100634,2014/7/1,
381069,866764,2014/12/1,
385889,162412,2014/6/1,
391634,210753,2014/7/1,
391634,73391830,2014/7/1,
393927,1390901,2015/4/1,
401922,911577,2014/12/1,
401922,66017152,2014/12/1,
411771,1164139,2015/1/1,
411771,96004603,2015/1/1,
412650,3969,2013/10/1,
412650,44294771,2013/10/1,
421084,1544528,2015/5/1,
435007,740435,2014/11/1,
435007,909418,2014/12/1,
435007,259801,2014/9/1,
435007,155597,2014/6/1,
435007,18371,2013/10/1,
435007,87441894,2014/11/1,
435007,66084289,2014/9/1,
435007,66080998,2014/12/1,
435007,66034964,2013/10/1,
435007,79291868,2014/6/1,
447278,12677,2013/10/1,
447278,66084512,2013/10/1,
463179,215863,2014/8/1,2015/7/1
463179,207428,2014/8/1,2015/7/1
468333,1118233,2015/3/1,
468333,66066519,2015/3/1,
473462,1357320,2015/3/1,
496593,217845,2014/7/1,
496593,80331180,2014/7/1,
503838,1118229,2015/3/1,2015/7/1
523132,199731,2014/8/1,
523132,199728,2014/8/1,
523132,199727,2014/8/1,
523132,9602630,2014/8/1,
523132,9601766,2014/8/1,
523132,9601372,2014/8/1,
3615,2152272,2015/8/1,
6103,1140051,2015/1/1,
6103,39525799,2015/1/1,
12489,218729,2014/7/1,
12489,73331103,2014/7/1,
22008,1386980,2015/4/1,
35863,230535,2014/7/1,
35863,230536,2014/7/1,
54693,2247747,2015/8/1,
54693,96485998,2015/8/1,
82759,222673,2014/7/1,
82759,218667,2014/8/1,
82759,218883,2014/8/1,
82759,217203,2015/8/1,
82759,9276260,2014/7/1,
82759,79279759,2015/8/1,
82759,14168229,2014/8/1,
82759,10904045,2014/8/1,
91522,825327,2014/12/1,
91522,484594,2014/9/1,
91522,988459,2015/1/1,
91522,1254056,2015/3/1,
91522,1254048,2015/3/1,
91522,72806532,2015/1/1,
91522,80073972,2015/3/1,
91522,91746413,2014/12/1,
91522,85062317,2014/9/1,
100884,1006975,2015/1/1,
100884,91742761,2015/1/1,
115213,1190864,2015/2/1,
115213,2083237,2015/7/1,
115213,96512535,2015/7/1,
115213,96512533,2015/2/1,
135209,1765800,2015/6/1,
136146,570438,2014/9/1,
136146,79556353,2014/9/1,
138409,183649,2014/6/1,
138409,1097525,2015/1/1,
138409,1098213,2015/1/1,
138409,1099592,2015/1/1,
138409,1099166,2015/1/1,
138409,1095041,2015/1/1,
138409,1099416,2015/1/1,
138409,1099143,2015/1/1,
138409,1094873,2015/1/1,
138409,1094647,2015/1/1,
138409,60088534,2015/1/1,
138409,30888365,2015/1/1,
138409,33660443,2015/1/1,
138409,30946186,2014/6/1,
138409,19411242,2015/1/1,
138409,60953457,2015/1/1,
138409,60287144,2015/1/1,
138409,60497588,2015/1/1,
138409,61484219,2015/1/1,
138409,21191264,2015/1/1,
144321,10207,2013/10/1,2015/7/1
144321,2070038,2015/7/1,
154574,786634,2014/12/1,
154574,699892,2014/11/1,
154574,162561,2014/6/1,
154574,170870,2014/9/1,
154574,1127730,2015/1/1,
154574,1908169,2015/7/1,
154574,2305812,2015/8/1,
154574,91894404,2015/1/1,
154574,96486631,2015/7/1,
154574,61430866,2014/11/1,
154574,62078048,2014/12/1,
161705,218909,2014/8/1,
161705,192311,2014/8/1,
161705,192369,2014/8/1,
161705,205934,2014/8/1,
161705,23333606,2014/8/1,
173367,1178677,2015/2/1,
180965,1249735,2015/5/1,
180965,66083165,2015/5/1,
186212,228261,2014/7/1,
186212,61126330,2014/7/1,
204564,217505,2014/8/1,
204564,217496,2014/8/1,
204564,217490,2014/8/1,
204564,217493,2014/8/1,
204564,206416,2014/8/1,
204564,217987,2014/8/1,
204564,217499,2014/8/1,
204564,72827173,2014/8/1,
228835,173718,2014/6/1,
228835,1491313,2015/4/1,
228835,1497160,2015/4/1,
228835,33924358,2015/4/1,
228835,32463325,2015/4/1,
228835,30843816,2014/6/1,
250753,1675242,2015/5/1,
250753,60055094,2015/5/1,
257376,520062,2014/9/1,
257376,85274149,2014/9/1,
271198,1183847,2015/2/1,
271198,81327684,2015/2/1,
278041,167944,2014/6/1,
278041,33118900,2014/6/1,
283119,844464,2014/12/1,
283119,2203270,2015/8/1,
283119,96995100,2015/8/1,
283119,91741839,2014/12/1,
291771,2187581,2015/8/1,
296262,166448,2014/6/1,
296262,61091373,2014/6/1,
299270,162305,2014/6/1,
299270,80408389,2014/6/1,
305828,622587,2014/10/1,
305828,42183167,2014/10/1,
315038,188872,2014/6/1,
318390,779070,2014/12/1,
318390,76576838,2014/12/1,
320659,1054574,2015/3/1,
320659,66014600,2015/3/1,
326650,139854,2014/5/1,
326650,17062,2013/10/1,
326650,1623631,2015/5/1,
326650,2051792,2015/7/1,
326650,100523100,2015/5/1,
326650,73349619,2014/5/1,
326650,60535476,2013/10/1,
326650,103705687,2015/7/1,
367527,239615,2014/8/1,
367527,68732394,2014/8/1,
372836,929324,2014/12/1,
372836,66068146,2014/12/1,
386504,503915,2014/9/1,
386504,503906,2014/9/1,
402485,936972,2014/12/1,
402485,13926009,2014/12/1,
434196,218777,2014/7/1,
434196,73332656,2014/7/1,
447197,1094821,2015/3/1,
447197,1633628,2015/5/1,
447197,66056932,2015/3/1,
447197,99971921,2015/5/1,
452797,2131058,2015/8/1,
453996,1251812,2015/3/1,
453996,79631773,2015/3/1,
495897,745374,2014/11/1,2015/7/1
495897,1059349,2015/1/1,
495897,1615787,2015/5/1,
495897,96501552,2015/5/1,
495897,91746942,2015/1/1,
497900,1054417,2015/3/1,
497900,66010069,2015/3/1,
515433,2120276,2015/7/1,
515433,104248636,2015/7/1,
13487,911854,2014/12/1,
13487,65999017,2014/12/1,
27029,1136470,2015/1/1,
27029,40880839,2015/1/1,
49426,1241990,2015/3/1,
49426,96995052,2015/3/1,
82125,993459,2015/1/1,
82125,39424626,2015/1/1,
91356,139692,2014/5/1,
91356,76430071,2014/5/1,
127808,99862,2014/12/1,
127808,1243687,2015/3/1,
127808,1457328,2015/4/1,
127808,2099925,2015/7/1,
127808,68745301,2015/7/1,
127808,81333289,2015/3/1,
127808,96511939,2015/4/1,
141467,911677,2014/12/1,
146916,1269370,2015/3/1,
146916,66076164,2015/3/1,
212638,203106,2014/7/1,
212638,80056775,2014/7/1,
214586,1275605,2015/3/1,
214586,66032664,2015/3/1,
221964,1621949,2015/5/1,
221964,93818257,2015/5/1,
224726,959050,2015/1/1,2015/7/1
239704,1003121,2015/1/1,
239704,34305967,2015/1/1,
242603,1868213,2015/6/1,
242603,103030967,2015/6/1,
257579,9069,2013/10/1,
257579,66171177,2013/10/1,
259242,188880,2014/6/1,
259242,72838255,2014/6/1,
261856,766775,2014/11/1,
261856,895950,2014/12/1,
261856,330011,2014/8/1,
261856,83572652,2014/11/1,
261856,83519318,2014/12/1,
261856,79307722,2014/8/1,
271867,778047,2014/12/1,
271867,910353,2015/3/1,
271867,66081238,2015/3/1,
273729,1513084,2015/4/1,
273729,96503372,2015/4/1,
274142,705298,2014/11/1,
274142,705299,2014/11/1,
274142,1773902,2015/6/1,
286278,1636186,2015/5/1,
286278,91707079,2015/5/1,
288599,652860,2014/11/1,
299449,201691,2014/11/1,
333237,1248135,2015/3/1,
333237,1246414,2015/3/1,
333237,66086641,2015/3/1,
333237,66086669,2015/3/1,
338651,1270611,2015/3/1,
338651,1084261,2015/1/1,
338651,1270061,2015/3/1,
338651,1249372,2015/3/1,
340291,1275487,2015/3/1,
340291,66029499,2015/3/1,
341477,1251860,2015/3/1,2015/7/1
352124,5874,2013/10/1,
352124,60754948,2013/10/1,
358539,2341496,2015/8/1,
358539,104247863,2015/8/1,
375142,1343140,2015/3/1,2015/7/1
375142,1668403,2015/5/1,
397026,210407,2014/7/1,
427228,2161143,2015/8/1,
427228,100871063,2015/8/1,
429700,195221,2014/6/1,
429700,79322341,2014/6/1,
449468,708979,2014/11/1,2015/7/1
465051,816849,2014/12/1,
465051,198615,2014/6/1,
465051,2302533,2015/8/1,
465051,2302536,2015/8/1,
479352,1581064,2015/5/1,
479352,27891121,2015/5/1,
497615,822908,2014/12/1,
497615,1026019,2015/1/1,
500794,1457419,2015/4/1,
513217,2084387,2015/7/1,
19744,198519,2014/6/1,
19744,120221,2014/4/1,
19744,66071858,2014/4/1,
19744,79323194,2014/6/1,
19890,499179,2014/9/1,
19890,323283,2014/8/1,
19890,1561424,2015/5/1,
19890,84416903,2014/9/1,
19890,64906526,2014/8/1,
24132,335743,2014/9/1,
24132,229800,2014/8/1,
24132,80317601,2014/8/1,
24132,85050378,2014/9/1,
26743,1407775,2015/4/1,
26743,91709496,2015/4/1,
34059,181932,2014/6/1,
34059,68741150,2014/6/1,
51030,2148424,2015/8/1,
51030,44055010,2015/8/1,
67697,1123996,2015/1/1,
67697,32658105,2015/1/1,
68006,338105,2014/8/1,
68006,80131551,2014/8/1,
77722,217261,2014/8/1,
78595,2103680,2015/7/1,
78595,96485769,2015/7/1,
93417,170146,2014/6/1,
93417,181544,2014/6/1,
93417,170665,2014/6/1,
93417,18995874,2014/6/1,
95095,1251318,2015/3/1,
95095,85076645,2015/3/1,
102700,1593985,2015/5/1,
102700,1594008,2015/5/1,
102700,1594030,2015/5/1,
102700,96512145,2015/5/1,
102700,96512129,2015/5/1,
102700,96512413,2015/5/1,
136020,205084,2014/7/1,
151440,3766,2013/10/1,
151440,2210993,2015/8/1,
151440,99078779,2015/8/1,
151440,60533962,2013/10/1,
169590,930255,2014/12/1,
170481,184209,2014/6/1,
170481,38057190,2014/6/1,
186946,1037152,2015/1/1,
186946,66015208,2015/1/1,
200280,1984060,2015/7/1,
200280,99418710,2015/7/1,
209126,18110,2013/10/1,
209126,66054395,2013/10/1,
227034,1274488,2015/3/1,
227034,2206688,2015/8/1,
227034,2206485,2015/8/1,
227034,97121620,2015/3/1,
243549,1728181,2015/6/1,
243549,73349299,2015/6/1,
244846,612220,2014/10/1,
244846,81303261,2014/10/1,
247562,1175493,2015/3/1,
247562,1968797,2015/7/1,
247562,100467539,2015/7/1,
247562,60659695,2015/3/1,
258561,151504,2014/5/1,
258561,75067331,2014/5/1,
263499,177125,2014/7/1,
263499,164867,2014/6/1,
263499,80408542,2014/7/1,
263499,79516497,2014/6/1,
273874,1094777,2015/1/1,
273874,19370161,2015/1/1,
285826,1243798,2015/3/1,2015/7/1
285826,1473246,2015/4/1,
285826,91782669,2015/4/1,
312081,1202505,2015/2/1,
312081,96484679,2015/2/1,
320666,2088342,2015/7/1,
320666,104414395,2015/7/1,
323988,172692,2014/6/1,
328381,333576,2014/11/1,
328381,79570169,2014/11/1,
329535,747968,2014/12/1,
329535,83508820,2014/12/1,
332082,226435,2014/8/1,
332082,2231694,2015/8/1,
332082,104196377,2015/8/1,
335159,1233967,2015/3/1,
336615,608156,2014/10/1,2015/7/1
348813,10093,2013/10/1,
348813,60718739,2013/10/1,
356824,2304924,2015/8/1,
356824,93535354,2015/8/1,
367070,1583688,2015/5/1,
367070,98100754,2015/5/1,
368792,1218701,2015/2/1,
368792,96514567,2015/2/1,
401078,1053108,2015/3/1,
401482,2153462,2015/8/1,
401482,96499835,2015/8/1,
405460,1768474,2015/6/1,
414283,1448158,2015/4/1,
414283,1778641,2015/6/1,
414283,97109701,2015/4/1,
414283,61037801,2015/6/1,
426955,1657039,2015/5/1,
426955,93700539,2015/5/1,
441417,1768828,2015/6/1,
441417,1768808,2015/6/1,
441417,1804207,2015/6/1,
441417,1804253,2015/6/1,
441417,42960243,2015/6/1,
441417,42960134,2015/6/1,
441417,43270651,2015/6/1,
441417,43270861,2015/6/1,
464287,990974,2015/1/1,2015/7/1
464287,1173894,2015/2/1,2015/7/1
464287,1432111,2015/4/1,
464287,1652125,2015/5/1,
464287,1712099,2015/6/1,
464287,1695569,2015/5/1,
464287,1695944,2015/5/1,
464287,1683081,2015/5/1,
464287,1879109,2015/7/1,
464287,2298641,2015/8/1,
464287,106260203,2015/8/1,
482009,900319,2014/12/1,
496873,1274602,2015/3/1,
499635,1247799,2015/3/1,
501089,1533096,2015/5/1,
501089,98909466,2015/5/1,
508114,906837,2014/12/1,2015/7/1
1152,2122405,2015/7/1,
1445,2029235,2015/7/1,
16523,895958,2014/12/1,
16523,83486736,2014/12/1,
17131,1521736,2015/4/1,
17131,97791567,2015/4/1,
27864,991793,2015/1/1,
27864,91668480,2015/1/1,
41865,651617,2014/11/1,
41865,88400979,2014/11/1,
56355,161814,2014/6/1,
58140,246043,2014/8/1,
58140,1387923,2015/4/1,
58140,99084407,2015/4/1,
58140,23881489,2014/8/1,
68591,218611,2014/8/1,
74982,203273,2014/7/1,
82240,56177,2014/2/1,
82240,218089,2014/7/1,
82240,70657797,2014/2/1,
82240,79286627,2014/7/1,
84942,1096630,2015/1/1,
84942,163552,2014/6/1,
84942,33516362,2014/6/1,
84942,39700452,2015/1/1,
90909,1878069,2015/7/1,
90909,97883836,2015/7/1,
91810,1597561,2015/5/1,
91810,96972279,2015/5/1,
96503,200638,2014/7/1,
96503,81341470,2014/7/1,
99004,194763,2014/6/1,
99004,44112529,2014/6/1,
128128,1099964,2015/1/1,
128128,23857347,2015/1/1,
153074,1172259,2015/2/1,
160961,251408,2014/8/1,2015/7/1
164533,529435,2014/9/1,
165079,182851,2014/6/1,
165079,134585,2014/5/1,
165079,1136938,2015/1/1,
165079,1294074,2015/5/1,
165079,75076441,2014/5/1,
165079,98100968,2015/5/1,
165079,80322335,2014/6/1,
165079,22564926,2015/1/1,
191620,929009,2014/12/1,
191620,40821993,2014/12/1,
194955,218180,2014/8/1,
194955,206545,2014/8/1,
194955,30115355,2014/8/1,
204923,233302,2014/8/1,
204923,186962,2014/6/1,
204923,199287,2014/7/1,
204923,80299156,2014/6/1,
205081,178700,2014/6/1,
205081,178699,2014/6/1,
205081,13200,2013/10/1,
205081,17520533,2014/6/1,
226688,1246762,2015/3/1,
226688,67910626,2015/3/1,
231844,182599,2014/6/1,
258599,61709,2014/1/1,
258599,27797332,2014/1/1,
269838,686365,2014/11/1,
269838,61373867,2014/11/1,
341470,911585,2014/12/1,
341470,1731586,2015/6/1,
341470,66017138,2014/12/1,
341470,40538298,2015/6/1,
362646,203058,2014/7/1,
399157,1408679,2015/4/1,
399157,80303497,2015/4/1,
404320,182622,2014/6/1,
404320,61610083,2014/6/1,
407475,186093,2014/7/1,
407475,73358593,2014/7/1,
441216,2094147,2015/7/1,
441216,97824758,2015/7/1,
493952,1208571,2015/2/1,
493952,96520446,2015/2/1,
494324,2236360,2015/8/1,
506955,1008286,2015/1/1,
518487,1363224,2015/3/1,2015/7/1
6525,1270646,2015/3/1,
6525,66070646,2015/3/1,
11705,1308788,2015/3/1,
11705,13794587,2015/3/1,
23768,541263,2014/10/1,
23768,73391841,2014/10/1,
29604,562454,2014/9/1,
29604,1921940,2015/6/1,
29604,80154382,2014/9/1,
29604,99915497,2015/6/1,
32789,1050698,2015/3/1,
32789,65979281,2015/3/1,
77921,903646,2014/12/1,
77921,66054970,2014/12/1,
81653,1186171,2015/2/1,
81653,1251844,2015/3/1,
81653,91673801,2015/2/1,
81653,85076674,2015/3/1,
99785,1167085,2015/2/1,2015/7/1
115351,1657270,2015/5/1,
116003,983585,2015/1/1,
127476,185102,2014/6/1,
127476,1751930,2015/6/1,
127476,88405147,2015/6/1,
127476,61125889,2014/6/1,
132697,2029223,2015/7/1,
132697,103893459,2015/7/1,
147482,1136988,2015/1/1,2015/7/1
161976,2179819,2015/8/1,
164796,1497060,2015/4/1,
164796,33808754,2015/4/1,
202934,203951,2014/7/1,
202934,185447,2014/6/1,
202934,163302,2014/6/1,
202934,171266,2014/6/1,
202934,1099264,2015/1/1,
202934,1096566,2015/1/1,
202934,1096061,2015/1/1,
202934,1446142,2015/4/1,
202934,1497178,2015/4/1,
202934,19622735,2014/6/1,
202934,35983278,2015/1/1,
202934,33214745,2014/6/1,
202934,33922897,2015/4/1,
202934,73356715,2015/4/1,
202934,22668560,2015/1/1,
202934,36282728,2014/7/1,
202934,60033418,2014/6/1,
202934,29050593,2015/1/1,
207760,251210,2014/8/1,
207760,80108996,2014/8/1,
209704,914184,2014/12/1,
209704,1112598,2015/1/1,
209704,1250736,2015/3/1,
209704,1278621,2015/3/1,
209704,1446898,2015/4/1,
209704,1464417,2015/4/1,
209704,1464339,2015/4/1,
209704,1624858,2015/5/1,
209704,1930495,2015/7/1,
209704,2083619,2015/7/1,
209704,97994855,2015/3/1,
209704,91872841,2015/1/1,
209704,91646003,2014/12/1,
209704,93818741,2015/3/1,
209704,93537840,2015/5/1,
209704,99047839,2015/4/1,
209704,96515944,2015/4/1,
209704,96509188,2015/4/1,
209704,96499499,2015/7/1,
209704,97966121,2015/7/1,
242731,2335003,2015/8/1,
242731,105604989,2015/8/1,
244743,180783,2014/6/1,
244743,30785463,2014/6/1,
246451,740446,2014/11/1,
246451,87442111,2014/11/1,
267755,1622508,2015/5/1,
267755,97939719,2015/5/1,
292480,1098459,2015/1/1,
292480,61473800,2015/1/1,
297586,492610,2014/9/1,
297586,83521547,2014/9/1,
315636,1544603,2015/5/1,
315636,91745553,2015/5/1,
340629,1254502,2015/3/1,
340629,66051254,2015/3/1,
353779,215399,2014/8/1,
353779,206618,2014/8/1,
355051,2144333,2015/7/1,
355051,103423790,2015/7/1,
360476,2299353,2015/8/1,
376460,1099667,2015/1/1,
376460,41032652,2015/1/1,
395468,607794,2014/10/1,
395468,79310276,2014/10/1,
397402,1678556,2015/5/1,
397402,80147922,2015/5/1,
408938,1587266,2015/5/1,
421329,1568376,2015/5/1,
421329,96485957,2015/5/1,
424319,921889,2014/12/1,
446138,891423,2014/12/1,
446138,92564132,2014/12/1,
460609,651551,2014/11/1,2015/7/1
465431,1084841,2015/1/1,
465431,66054513,2015/1/1,
466007,1254431,2015/3/1,
466007,20087,2013/10/1,
466007,38065041,2015/3/1,
466007,23735958,2013/10/1,
505302,187004,2014/6/1,2015/7/1
